"path","sha256"
"backtrader\__init__.py","A410A7181F1C4758FAB76A929437A5629D137BEBF78B87B5547949AF908579F8"
"backtrader\_cerebro\__init__.py","1E3024BAAD05C60CA93E7751D77AA479D899DED8C527823F91114590855469D3"
"backtrader\_cerebro\channel.py","E8F8EB04EDC2B836C1EC0591C4972A33953BB785E0705B1E6663536C487057E8"
"backtrader\_cerebro\execution.py","18D436DF1EEB91DBE7485930DC92125293CE232554D897C9FB7187E101839AC4"
"backtrader\_cerebro\lifecycle.py","C01885FE660565E38D0189E5736EFD0711634346E76090D0191D1BCDDDE7E32A"
"backtrader\_cerebro\notifications.py","A4FF91C3EA91DA3B47C5A0F0A4CF51B489CA886391DDE63EA2A094ECDAF211D6"
"backtrader\_cerebro\presentation.py","CAF5A53DEA7C04B70F91A279BB75FD9076B9FFA95026139DF93E3788CB1B8288"
"backtrader\_cerebro\registry.py","B593418871DF47DF7696F0B92FDCBCC7F7AF6F957965FA81FD9B325E2B363179"
"backtrader\_cerebro\runnext.py","CF6FC27165DFD3E68D6DDC4BA483DBD980F52445BEF45B1F6EEBCF70069D0B4B"
"backtrader\_cerebro\runonce.py","B2225EA9D7547741F6AEF7898D7659318C10EDFEAE49FE2D90FE3C89F17EF905"
"backtrader\analyzer.py","B7BA2D72FCBECC60FF5ECEED94264A1047800FD3E6E128F7C8056EF54B70697D"
"backtrader\analyzers\__init__.py","FB04C82045299DADD9D22A66C9D83C29D404E71BD35A2A06BC98F39013C932C5"
"backtrader\analyzers\annualreturn.py","7605E5AFBFF10F70665103A945998750A12E2A520557DE4D3F2C1A5C80749DD0"
"backtrader\analyzers\calmar.py","41D28E0B5075C18DC994ECA0F52470A13685681EE4DC28C2AE47715A14B12274"
"backtrader\analyzers\drawdown.py","79AB27136258EBC1DE036FB061100C20990CB40C85630AABB039673E5AA8DC52"
"backtrader\analyzers\leverage.py","CF336D07124B15D151BD7FEE521549410719173583DE59E8F96BBB0D25BA29D2"
"backtrader\analyzers\logreturnsrolling.py","5FD210963826C6C85D99ED8472CEE9DF2DC3987EE1817FAD70650311AFDB4094"
"backtrader\analyzers\periodstats.py","850EE332F83E82D9F0F5B96206CD9C8FCE074F17C4EF675BB6224E5E9B66462B"
"backtrader\analyzers\positions.py","B42636A1C385504A1A58B980019ECC40ACC88E39D09552ACE73DFAD3301E64D2"
"backtrader\analyzers\pyfolio.py","7B3B22020F695F90AF483B9E880E777B0DC0651A0750E4AAED611DD56605F1FE"
"backtrader\analyzers\returns.py","9C2E9BAEAAAC1EF443DDED70EAD22AF8BF097D3B28EA79FC6B6C761D1FBC13E3"
"backtrader\analyzers\sharpe_ratio_stats.py","2411719817D8CEC34C466768C10F100F4D7C8696AC6B46E0429BFA4AC1D6D3F0"
"backtrader\analyzers\sharpe.py","312B7CCAE78DB2FC0069CA642EAE8E9E84319D91F062BA37E6016F705B2B546F"
"backtrader\analyzers\sqn.py","1BFAE6C5F53B5C2E68D1115688C0F55EA6F098304DA38D681150C980E690DA72"
"backtrader\analyzers\timereturn.py","1796E094EB27C1CCFD0C8B51B7EED0B3F43A4C14C72BA5E2D45458ED2851DA97"
"backtrader\analyzers\total_value.py","CEA8594558E534550CBABEA7182B23E1D813B5C54025EEFB8968931EC185E8A4"
"backtrader\analyzers\tradeanalyzer.py","38A16DB1F77228C14F6AF67D37B3ACC53F3F07BCAC979F3EA0F41AE92D7A1DBE"
"backtrader\analyzers\transactions.py","18166888092FE56C248847E4D8842B9C3411C3EA9930C5D2534EBE304E0174FD"
"backtrader\analyzers\vwr.py","63F8C8E1F15A0F9B3D33016488A501832DA2BB84149AD213D105A5979C7A2405"
"backtrader\bokeh\__init__.py","C12F81929E97A5C191C631F677CF1D32BCBF270EB1DA4993C21606BD272E6D92"
"backtrader\bokeh\analyzers\__init__.py","32256089787AF5EDC261CC307B1EA48DC82481F3EF73E8228BFF733EDD7D2FD3"
"backtrader\bokeh\analyzers\plot.py","21050F3076B70767D2D932A9F2012435549D4EFAB5FF638B1CB31B6DC47EC903"
"backtrader\bokeh\analyzers\recorder.py","BD0C60ECC886E00EC236076CFE949BF41FFC28CF81949E9688F93F6D2EA7F9C5"
"backtrader\bokeh\app.py","7E4FD37A93F037BA6B55D9CFCF2F768584BEF44E9FF244060D61308B755D78ED"
"backtrader\bokeh\live\__init__.py","FC4ABA02260E0B7BBC2802CC70CCB56E341BA8122FA2B89A23DB965C7CEEA1FE"
"backtrader\bokeh\live\client.py","A5D4CEBEA08190DA46A68AC4C7358349487AB20D611AFE5207D0D7F7751B9C94"
"backtrader\bokeh\live\datahandler.py","AADB9AB38C799C0CB50AE7C409DD414752A3D4FCF1E79194422B66275D5727C9"
"backtrader\bokeh\plot_adapter.py","1275D9CE4B0BC83E665E9C5BB84C5697499552E110B86A23D009A739BD9DE92C"
"backtrader\bokeh\schemes\__init__.py","069D79D943FB542D6E09954767EA05DBDEBD6E0F31F9BE43EC292FB55A1E7A96"
"backtrader\bokeh\schemes\blackly.py","E37AA8805EE75DBCB95891EBC06C08B232E9FDC3240EF44121998EC3236E3609"
"backtrader\bokeh\schemes\scheme.py","BEE915A24C21753FC65F0BD1610AF9638B5C11FD73B60F7D18782A773EBD7D2C"
"backtrader\bokeh\schemes\tradimo.py","2445155E46ED563ED62645A27C40D6A6B1FA969F15E8FD968C5663BBBFFEB661"
"backtrader\bokeh\tab.py","B02E97A732C48E9558BC9F13303AF7CDA4CBF59B95D8975347F8F6E144159B99"
"backtrader\bokeh\tabs\__init__.py","94D8B89483831E08B36954B58FC93918CD1BD5D7479E23451BC4F2BFB240963D"
"backtrader\bokeh\tabs\analyzer.py","7132195DCF7269E1DDB698BF1EF7159FB98FACE568EB9922A7AEEC9A66923A43"
"backtrader\bokeh\tabs\config.py","6231E02AEA42E3DF1AC5C65BE03247F97C88D8CFDEFE9A7F5ECA2519BE7B72B9"
"backtrader\bokeh\tabs\live.py","2C056F0D13DC16875246AB15603C653CEB01E30F900A063F7938EF75B20484E7"
"backtrader\bokeh\tabs\log.py","7C8343AA728DA53334F65B64A108908ACB85DDC4C3006E22522097026AC5CBD8"
"backtrader\bokeh\tabs\metadata.py","3697897B0884B6D847A1A60AD8C5ACC625CEB72C10379272E5F44AA7A996A90D"
"backtrader\bokeh\tabs\performance.py","A9A96196FCDB0476B081DD6DF25EFDA4B3B7BB66A936F3E74D8399339C9B978F"
"backtrader\bokeh\tabs\source.py","27C29A70BD6C93D8EB7291F0AA66725F47F98E6FAB98CD4B489F1100A32FEC04"
"backtrader\bokeh\utils\__init__.py","18A3DAEB5A9D9D6F5B90006C9B9C50879B01953360010C45A053FBEE608C6559"
"backtrader\bokeh\utils\helpers.py","DF29EC467CB524E89266C0112A0899D0BA1ACEC1AD476BA29E658276E1689531"
"backtrader\bokeh\webapp.py","9376DF87C0CCF7AFEA2A684F4C7AB41AC6F2B5072ED35EF607F0AEE909CC0CE7"
"backtrader\broker.py","FF0C1F3F0AADE720CFB578882A2BAE75949D7F5C2B8751FE817044FC52B61CAB"
"backtrader\brokers\__init__.py","A05E1AB6F5A6B3B7957F437FA8136AFAF33FA0E762F331B262E16A6BE470FA91"
"backtrader\brokers\bbroker.py","5A0E5BCC93BF2E6F3D86507BD9C892D5908662F89C1F3BC8F60F37392C5D698D"
"backtrader\brokers\btapibroker.py","538F7DDEB2D1C2AB52F43EC6FFE20981488F901B1B92BDDC05F47D5CB75A159C"
"backtrader\brokers\hft\__init__.py","79C1EAB2C7A148FBA7B4083FBB849565288630BF39001554EF54A288682FAC8E"
"backtrader\brokers\hft\binance_bbo_compare.py","35454E545CD48127DB81F12F0E7928DCA12973CCFEDA232F9CB549DF6CE736B1"
"backtrader\brokers\hft\binance_bbo.py","84FDE12B4270C203A35DAF3FF894CAD2DFBF0EF795368F8DA79995AEDF82C4E7"
"backtrader\brokers\hft\examples.py","C5CCCBC922B825C87FFD3001767EB8B9931B4B7518A473381338F202419FBC81"
"backtrader\brokers\hft\exchange.py","BF66C460C8DC03A043B86077EEB0E678EE7C5975F0C7C38380D28D0988614ED9"
"backtrader\brokers\hft\latency.py","B036AF33F4CFAD3626A5038E9133D548F01ADAB8E187BDBEB7FFA0123A52C109"
"backtrader\brokers\hft\matching_core.py","EE26024BBBAFB21E1C2E2ED1FBEF1AEC501F4D73CD0A973909CFB76F0182CD6D"
"backtrader\brokers\hft\queue.py","2738203251BD8A27A488913034EFFEC8940D42E2D5047CC34E2EEE4932C36C25"
"backtrader\brokers\hft\recorder.py","936B010257B6B6BD65A676351D414B2CA99FD9D886CE1600FA6FD4DBB934ED46"
"backtrader\brokers\hft\state.py","88B88A1A5D4323466E580C2229D383F62C8A9D4430E9A1B44584E364E937F76E"
"backtrader\brokers\impact_models.py","A569A6A24F3A69FCC8CD903497EF6B7BE17C3A30DA09A49CC0AE60966729DF3B"
"backtrader\brokers\mixbroker.py","1B3219866EDBB7E0A74B699245A1F87B70FFF5604BB7AB997E2974FED48A5222"
"backtrader\brokers\tickbroker.py","06E38E271947384C91E5BDB2AEEB25307114652CB5991B823EE2CFF37A37B62C"
"backtrader\btrun\__init__.py","656FC6DE93350C62E78595B84A0C01E6DCB58F24BF0982D7485C5365297D0E3A"
"backtrader\btrun\btrun.py","E9D6EEE0DBE57AABF15379F2DAF7207F122C6A631E7FDC205FBD9D80A8802D7D"
"backtrader\cerebro.py","8175073447380B0E11F3713E0970C1AAA0F55626A973507E5FC50CAD1BFC0F69"
"backtrader\channel.py","A9A0EC61172F3A067E130BFA13DCCD83033E5F3F19DF33C8C41BEC65AFDA5579"
"backtrader\channels\__init__.py","B22B926AE93A2877D5F19FDFF985763E5E2E93CC5788CC149BA041289A5CDC0C"
"backtrader\channels\bridge.py","5AA5E21EF797D77DF15D788320892F16F6B4BC4F53BAF566D735F53993417E32"
"backtrader\channels\funding.py","69C94F150B51EDBFF48AB1F8F2968A84E08E489B0E4546E050B385593FA5C1BE"
"backtrader\channels\live_queue.py","58D247C96B500BB9DD796C034747253AA58BB8F33CA98AA478A8E0AB29780B6E"
"backtrader\channels\live_validator.py","77512A3A27F7BC9374637CA9B53627AB01C0DD60944B417ED178653E23AB82A6"
"backtrader\channels\orderbook.py","9FD10BFBE62F0F6A1F26F0D93544A7D25F30020D821E47DE5B46F1A93C8DF8F7"
"backtrader\channels\tick.py","38106B408ED6002D316B8C2BE64F77B1D2AA0F3D039F99039CDD820735074F38"
"backtrader\comminfo.py","B29ED6F2EA3A3BE0A9CFE8C89137888E3B0957FCAF0391522A6FF8634FCE3F8E"
"backtrader\commissions\__init__.py","CFAD8D170C606C661946CDA54023391BEC98220FCE04DD00150C0A1ED10A9A2A"
"backtrader\commissions\ctpoption.py","547E76BE319CAB650A7A5E6B46D1E820D1970CDAFB29AC7D93FD23F978348D96"
"backtrader\dataseries.py","34E894EEB286B10182E1600FE6BBD5702F0A23687ECFDC95C97156A6A4A5F967"
"backtrader\errors.py","29A3AEFDE5AF62BCA5371713B60DE74D8BA172E42D76B7DB578471876FA455F3"
"backtrader\events.py","FA7E1C9C152B66BC375FCED3908FC7EB7FFA70B3606A331351C0BC02224EF4AA"
"backtrader\feed.py","CB43784E877FB73CA7747C415A00A22454A46CF60FB1B6295657D6A8F96F6503"
"backtrader\feeds\__init__.py","6297A3A372BF140F9BA0BF98F5A13564D95D2ABA527C0CEDD9982E50418C2619"
"backtrader\feeds\barrier.py","6E4AECB2B6FACE5D541BB10F608F2800206CF068B24E630A672299526F53079E"
"backtrader\feeds\blaze.py","AA5897916711CCE1217003C30E3149F53E714555A3FFF7B34D3A26168D258306"
"backtrader\feeds\btapifeed.py","D34EFE275B3EB8E53C09B09EBF7FEE807BF672702EA8405C541AAEDCBC2DE803"
"backtrader\feeds\btcsv.py","F87797A6B36C1D590D9A7DA542CF9D8C99C14AF04294366E42D3FCC33CE1E5E0"
"backtrader\feeds\chainer.py","BABA4E5AAA0FBD7D707983A359AC49AE4774577AAF05F337C92297E9C5EEECF8"
"backtrader\feeds\cryptohftdata.py","6AFC6CD4FA558442B8EF9AA0C9627BB8B0086735362FACC2451E4875E01CACEA"
"backtrader\feeds\csvgeneric.py","6F0A63CDC89CCFE2F496203AA28CBDF10100E6FB2BDAC1F3730156F53BF3017C"
"backtrader\feeds\ctpcohort.py","096F5B25D8ED1E86130C93A8B761987B65924D402A2488F88D8E77A38BEA8878"
"backtrader\feeds\influxfeed.py","3025E469A1709BE27A40E7D06E5B2C9F7A4D8C09A305994613CB6A9EA6A5A61E"
"backtrader\feeds\livefeed.py","A41287D909038CDC9F9B17CA4B43D3C02D19E6D32DB612CB46806BBFAE77A725"
"backtrader\feeds\mixed_channel.py","6AC6386227C1933B4B70AC92F6AF11453E23FF8DD39F05CC4E0A4E1D0BF06409"
"backtrader\feeds\mt4csv.py","D8BFFCF9639E077E03803599C02F7A3023EDE6782D39579FA3D00B7AE949E9D5"
"backtrader\feeds\pandafeed.py","0E735E70AC409D68E0D273F30AD337440D5F54E53749B5B8C56ECF78150F0FB9"
"backtrader\feeds\quandl.py","633994BB9189EFB7F7CDB664EAEA50260A2B18978D1EA5797DA3805C514C62DF"
"backtrader\feeds\rollover.py","B157286CF16348216ABB7F1AC0FE3263CA7D459D292186EB435B80EE528FC6D9"
"backtrader\feeds\sierrachart.py","F4C5117B3E8AEFEA488A2A84D4272C598278C37C3DDE459630209CBC08356324"
"backtrader\feeds\vchart.py","A5794794ABA6582A09A20E15341274489E0A69D7AF7E4443F2CF703E816B2905"
"backtrader\feeds\vchartcsv.py","26B69F496E5239C246DF3E1B4BF0DDE4AA34A00EA9E7A34079CF6AADC95AB0C8"
"backtrader\feeds\vchartfile.py","1A5EAAEA194F67EFBEFFF67C99B27FDB011960EAE1981DFBEA28883DCE385B28"
"backtrader\feeds\yahoo.py","2BE27B3CE3777004C6DCA5E5B9841E8B929B8CAF7D0A637413C740FDE87B38C0"
"backtrader\fillers.py","BD13C9644A8B9C6B3FAF13BA02AC8AF8325C3D728B90C036ECF5F68905D21C82"
"backtrader\filters\__init__.py","8F1BC399CED3F6D34F926A51C85759DDBAF05DB104D9FC8B00A36E16EF4B55AA"
"backtrader\filters\bsplitter.py","23D736C1053E3EE0AAA439FBADA4BF2FDCF6373F6C0ABEB81538292E441A9D66"
"backtrader\filters\calendardays.py","3724BCE2D4C223E15E07E5C59977AB0BC7D7A8289EE2F45400503A5514D030A6"
"backtrader\filters\datafiller.py","96498F8B6B76F705107B874E29AFB8648856767D49AD5600A6FC5A47F176BF35"
"backtrader\filters\datafilter.py","1E48B906D8C74A58C75B43BFC34AD2B2CC406CC042E710A291B1C141C36980D9"
"backtrader\filters\daysteps.py","36255151D2B26797A1CAE5D8F709FAF95464C41F3658D5B5C7B08FAB530BF313"
"backtrader\filters\heikinashi.py","E8CAE5986EA4A65E3059D5FAA3080B29DAC66F1E20B2E8C38910E41184A2320A"
"backtrader\filters\renko.py","5A0803098163A665CDE3BD5E0A21A59705151CA0AC2446A2C17ADA2836A262CC"
"backtrader\filters\session.py","9E3FF6CD42FA68D853221EAF064C1D6C0BE3F605224DA4258E475F7C0572C27A"
"backtrader\flt.py","4830C0D889DF14078E51B7CABFAE40E19F16BB64F19832357A14B5601C8334B2"
"backtrader\functions.py","B6FB22A8F33DDEFD0D08CC919D561B94E4773553909C30D58E50EC2E2699BA8F"
"backtrader\indicator.py","13F5B7660EDE9F9095ABCBE5E0BA1BCE1E6BB218FEDA1D77D4155B0A888D6DBF"
"backtrader\indicators\__init__.py","6CC7DD429630CA8FF6D1C7BD654B7ADC3D3DC3DC3431F7FC99CA25F271DC3BE3"
"backtrader\indicators\accdecoscillator.py","E3C2FBFEA29E82C9014D734B3229323430723480EA6EB778E6D97A23609476D9"
"backtrader\indicators\aroon.py","A610A61135A6A394327CE937FD5953D234C7AEC87EC9C5B61891D99B39525273"
"backtrader\indicators\atr.py","1E95B0BEF2D66CE687DBEE71284A4C97F3C215EFC4DF54B59642B728804CA7A9"
"backtrader\indicators\awesomeoscillator.py","F253E3508DB9A27B460022AF21B52E48CAB6125B11885C0FD667DCD003A1D2E7"
"backtrader\indicators\basicops.py","EE62CAFD7E722D7D314C28C5AE89C0461DE818BEF7C9ACF98204B3E1E008CE35"
"backtrader\indicators\bollinger.py","09BF0D28F255BA410CAF4ADE465C8EEBD571185F834C87912CB5C5C7A8D4B50D"
"backtrader\indicators\cci.py","3F8886D4FA33506A3F506DB2FC06F56461420F9A3474F2D2A2975C247303925A"
"backtrader\indicators\channels_ext.py","8ABF3A175EC1B488F5A77529CF560D10C6760F79A44A4796A56C16D4D7E71D81"
"backtrader\indicators\contrib\__init__.py","D6B6A7A9F6FA36C5F0C1C60DDE31BE34C0F1D6D80328FCDCFCF1196E53DE8355"
"backtrader\indicators\contrib\absolutely_no_lag_lwma_color.py","D11BFE8BAB76BC92B210DDE3F8B9AB623C08A5646DE05C6404CAEE5EEE61D98C"
"backtrader\indicators\contrib\absolutely_no_lag_lwma.py","C1AA81F90F0A2215568D23F27E851FEC1A5098213675794D2A51ABC0219780AD"
"backtrader\indicators\contrib\accumulation_distribution_line.py","90E86CB2819A1306D244AB64A256F5481265B445AB9E394071D7E537A3DE907F"
"backtrader\indicators\contrib\adx_cross_hull_style_indicator.py","FC2904C54733F6821520E9B83CEBDD0D5EF67FC9C8F3D4161F937062DCD745B2"
"backtrader\indicators\contrib\adxdmi.py","98F584F57773D739704EEA66680C8DBD13C8683E3765A12035E4DCAAD9C59004"
"backtrader\indicators\contrib\ai_acceleration_deceleration_oscillator.py","10D3E00B38785295F4CBC5BCD698E3C73CDBE85AC1C705A188C9EBBBA3165A24"
"backtrader\indicators\contrib\altr_trend_signal_v22.py","E83C73D6EEF64CA3BDF1416CCBB5555C34D781F1551ABFED704B7E83AA84A88D"
"backtrader\indicators\contrib\anchored_momentum_line.py","299BC77BD9B5BF81CD1638E4F0F930073037F366B2C6FB41DAD0C11DCC2FB1AF"
"backtrader\indicators\contrib\any_range_cld_tail_indicator.py","BB4479E718403148215A01D8BF83FACBB3F8711BAA245FC2BE62B58AC3AE4662"
"backtrader\indicators\contrib\aroon_horn_sign_indicator.py","92E5786BE59F5FD157E361EABA6130E7CCAFA1729812BDFF96E8FAA5784F0108"
"backtrader\indicators\contrib\aroon_oscillator_sign_alert.py","6C105352DB17CC30C63B5A2CCBA8DDB5DADD26A64B2111506131DCE58C86E640"
"backtrader\indicators\contrib\arrows_curves_indicator.py","EE51BB671BAE938469B305B37EB20A9554EEA4A887CD8D04D688D3E806E4B29F"
"backtrader\indicators\contrib\as_ctrend_indicator.py","5A139626A01757421F895CB3806CF0DB80FDEF306DED3A5F61AAD023E09A41DF"
"backtrader\indicators\contrib\asimmetric_stoch_nr_indicator.py","C85B81E3BA342079543D24F3B928E03774CC9180FC2DA1DC5FB5C660FFF278F2"
"backtrader\indicators\contrib\atr_normalize_histogram.py","4FFA7E572A3BDA026CA48DEF58E999142C054E160EFDEB15574EF2F8C45B04CF"
"backtrader\indicators\contrib\average_change_candle.py","BC24B97C4773E40D690484C3B0FA9D36DE734640EE5730CB93482AA35A1FF103"
"backtrader\indicators\contrib\bb_squeeze_indicator.py","EB2C79E2FE25CEB4411CCEACBBA89E63DD587EC74F139D831B21284689DF0058"
"backtrader\indicators\contrib\bezier_st_dev_indicator.py","27C6CF3F5E4186E4347C038D5F177B20E6EB706E92A681B027D96B5832551AC6"
"backtrader\indicators\contrib\binary_wave_indicator.py","92538B697C1A9B52397757CC2779EF8D76CA7FE2E631C0ED8FE556F2C8AEE2E4"
"backtrader\indicators\contrib\blau_c_momentum_indicator.py","7C6D532BF691CD50183EAB1BD9AE0E0361F7EEADE70B567E34E8C8EF7157CDAC"
"backtrader\indicators\contrib\blau_cmi_indicator.py","AB3D48C6F82AFA53DF0E9F3BA161240BB299EA15BBE20DAA7C05EC927FF3AF35"
"backtrader\indicators\contrib\blau_csi.py","D3C596E930231A31408DCA2FB189BCFC7AC90BBBB34ED374B6119F8B72E77C26"
"backtrader\indicators\contrib\blau_ergodic.py","F5CA912F87B3701571131F47BF52CC37C999FE7FB247616475F70DB476648FB7"
"backtrader\indicators\contrib\blau_t_stoch_i.py","A7EE16FA3F5105B0A39019A58FC981335E5A01534F66E13326BFDDB29AEBFA0E"
"backtrader\indicators\contrib\blau_ts_stochastic.py","0DF9D9FC25A12A532A235D580BAAD37A68BD250DAA6256A6682BE1078C0C6EC0"
"backtrader\indicators\contrib\blau_tvi.py","A0F233DA518DDD2CD56E047C7136B9BD96B3AAD655FA233AE9CAC9C49170D9EE"
"backtrader\indicators\contrib\brain_trend_signal_proxy.py","285FD30C33E5BB65BE4D273DFADE4A669569C59EB0E6C3702599343E80F5BDC7"
"backtrader\indicators\contrib\brain_trend2_indicator.py","31BE418C56A617A72AC4C68FFC8AFF784A87EB63CA0DF00598092D63E84690C2"
"backtrader\indicators\contrib\brake_parb_indicator.py","55D1E77B3E534338D69853872A04BD111BCBABF4FABE5779FE80D44DDFE58B24"
"backtrader\indicators\contrib\breakout_bars_trend_v2.py","E544B4D6F67DD40346C7C1CAB9074E300CFA70B578316D42CE711999789283D0"
"backtrader\indicators\contrib\bsi_indicator.py","98C2AFAD016F50F5F4B56BAC515DC348519065DCE281F51C82B50FB24E2FB728"
"backtrader\indicators\contrib\bulls_bears_eyes.py","C3FC9790D8ED2D84811AEE642C8F1F5B63229A2DB058521A0FFBC8AA248171B7"
"backtrader\indicators\contrib\bulls_power.py","967225D66A0458C04FCA22AD9C0421AA405D9C61798348C08E64AB5866A41B4F"
"backtrader\indicators\contrib\bw_wise_man1_signal.py","78FF30E49AD9D398C8AF6FA6FFB8CFAEF946F04AD1CDB03F7938FE0C8147A951"
"backtrader\indicators\contrib\bykov_trend_indicator.py","D90085F770CC0B624C7D031F2B19143ECB91E37D6A03003138877EC60C7FC770"
"backtrader\indicators\contrib\candle_stop_color.py","0F298216E5CE5E18053BA12FE777ECD4D54032C279ED584A0968095558515379"
"backtrader\indicators\contrib\candles_x_smoothed_indicator.py","BD817239EE33F2D57E5EDB8F67D11825FCD12C63D587E7F37C64C3827A20F0E0"
"backtrader\indicators\contrib\candlesticks_bw.py","04BE48ECB4CAC65B342F6DB26E22B6F623D4DA941E80975AF7FCC7287F7A272A"
"backtrader\indicators\contrib\caudate_x_period_candle_color.py","58AF5910D0221E8FC44B951B4114F23478B002471460EA68548A09A7502F420D"
"backtrader\indicators\contrib\cci_histogram_indicator.py","9AB3A77B39F6A8EA9D70B8614CF14564B869B959111B371563812EE4E9D3D296"
"backtrader\indicators\contrib\cci_woodies_indicator.py","9F9E13843E39E7946DD9E98F567D60A4E1CED7BF4AF83A0E9626369C1E0AFD47"
"backtrader\indicators\contrib\center_of_gravity_candle_indicator.py","8E19F5A9FE78C496B7A532D23EF7E2E0D1954DA6013B6BB8EAE15BF1420A6581"
"backtrader\indicators\contrib\center_of_gravity_indicator.py","8ECB4E45F10D9AD8258AB10DD8528EC0077CDB74FB08589FF97BC52106AD898C"
"backtrader\indicators\contrib\cg_oscillator.py","D9F3F5E8EAC86AE2D5760E50D39F4A550C611A0CC869B326A0751FEFB6EEE59F"
"backtrader\indicators\contrib\close_line_cci.py","84D98418A474A026C5B86E7649BC008FD31A0C1914E53ABA1C0DEC7ABE5AC86C"
"backtrader\indicators\contrib\close_price_fractals.py","B5CD62AE09A1C85B626232990A350AAD7DA4AE118A9010ECB15BB7B9CAFEB671"
"backtrader\indicators\contrib\color_bb_candles_indicator.py","C21FDD99C3C778DA4B4D4C7D0FDAC329783E3C37DB00E6E3B6B255A828C5C04A"
"backtrader\indicators\contrib\color_coppock_indicator.py","CE3D74D1D04761D75308749C80EF6409C0F88A812291BFA715F0930EB1515F86"
"backtrader\indicators\contrib\color_hma.py","1D1FDF88603A842D99CE22A325945CF30E3BCE4ADF46A46300342987CF4451CC"
"backtrader\indicators\contrib\color_j_variation_indicator.py","AF57F2E3B15D6F85FE85F45BDBD8E9AD16BA7874710414415058C9175A19DC51"
"backtrader\indicators\contrib\color_metro_de_marker_indicator.py","8D58CE9250C198805F043E12068DFD86FF75EEA8F7875AE93126C3DB57FD14BA"
"backtrader\indicators\contrib\color_metro_stochastic_indicator.py","C72513E6F498BA47AFD00F2688D95EC41129B455D77D2AF24D17247EFAE52EB5"
"backtrader\indicators\contrib\color_metro_wpr_indicator.py","6DC821BC5D3CC6A7360CD27B62B30BBD2A0386129EFC3AC8EECE6822E517C015"
"backtrader\indicators\contrib\color_schaff_de_marker_trend_cycle.py","DBD0BA3EF47EE1682AE182DA8BC7BD5DBF0A03BC975951450E98EC42659C2EC0"
"backtrader\indicators\contrib\color_schaff_trend_cycle_indicator.py","505CA65BA9683F6D0FD14A12B23826A36457EC876A06DF648A38B189F280C983"
"backtrader\indicators\contrib\color_step_xccx_indicator.py","61445BC3BFCAD67CBEB2D428A33ACE3C4D990C50118AF5866E4B168A19ED23DB"
"backtrader\indicators\contrib\color_x_derivative.py","E9883D7CEBFAFFE6ACA7CFE96F62763270EB8BBECB98C1F41430863EBC3BC96D"
"backtrader\indicators\contrib\color_x2_ma.py","B94DA0559A4CD97EE8018152E1C1791A5C6461E437498BDF51AAA75FB8B02D6D"
"backtrader\indicators\contrib\color_zerolag_de_marker.py","C08D1973AA03BAE06D7BCF01B191761AA7066A5BF5779F968F2E956E2DC6D8F3"
"backtrader\indicators\contrib\color3rd_gen_xma_indicator.py","6D569B4F0E7AD81FCA9E3A2D982863C942384BFBE4374D54DC81E8E2D8084503"
"backtrader\indicators\contrib\corrected_average_indicator.py","6FB4EA22758D3FA10670F4D125CD6B146E0CC8596FC5355EBB85299855AB62C4"
"backtrader\indicators\contrib\darvas_boxes_system.py","E542BB66A01C7E167E82A910F4901A4F4C25FF2C29059FB78685DCA9B302E98E"
"backtrader\indicators\contrib\dema_range_channel_color.py","FE68887EED2AB9777AC0036B5BAB58CD1E0BADA923DD2D613CD8859B8103B732"
"backtrader\indicators\contrib\derivative_indicator.py","F188C50F14E8C57FF658DBCAD42BEAE94BCFCBA8A55D169F09E4F0E390BAE733"
"backtrader\indicators\contrib\digital_ft01_indicator.py","BFAC7134BE9807E8C723ABE56F209A69F489CB25C22F37A82956751DCA783D7F"
"backtrader\indicators\contrib\digital_macd.py","78429C318164871F5B6F5FA76DC295DD1F1702B8D8FADCB128EA0170B495460A"
"backtrader\indicators\contrib\donchian_channels_system.py","C8A84E3E1861174E924CDF58E235BCA2C30F1133EBCD4F061446E523B968B371"
"backtrader\indicators\contrib\dots_indicator.py","2BF661266C444E738191C5D5101B7CB69D0096ACD68E33ED0CA298CD30043F31"
"backtrader\indicators\contrib\ef_distance_indicator.py","12142C7DBDFEF02B31A917F6A8B5E9CDF96A52F3E9D52156A4D86C1CC65A30CA"
"backtrader\indicators\contrib\ema_rsi_va.py","E6BF2571537A8D336042CAEC4C75F7F7A8E697433605C58BE1659561F8AEF594"
"backtrader\indicators\contrib\envelopes_jp_alonso.py","4E49ED5B8F1D79474AA01330B66746E24F1209B3480B9059F353A2E1E0AEABD7"
"backtrader\indicators\contrib\f2a_ao_indicator.py","17D1B8197C10F3FCD9902E9424B34F5ABB2443F9B64B469796EE3FECB546B212"
"backtrader\indicators\contrib\fatl_filter.py","8124D41B3D89203A0889718CCD2768B15F1BF0EEAE0DB384D2AA276A2D9AC674"
"backtrader\indicators\contrib\fibo_candles_indicator.py","3B26A7A0E66E2052E0D0D86583529ED28AECFB2FAAC23D1B5A0662416D6958BA"
"backtrader\indicators\contrib\fine_tuning_ma.py","2DEF5807AFBA48D8C736DC8DD231C3B1EB6CC6A4677EAE4444EB37F244964B52"
"backtrader\indicators\contrib\fisher_org_v1_sign.py","47D63D67D6158F6DD2AE0B2A74A9EB1544E346F3289F25E54B003335E6318D47"
"backtrader\indicators\contrib\fisher_org_v1.py","3BDCA70AC34CF6C99F76EAE50E0108CF9C5D38D7D78C13CF9FF962C57ADED441"
"backtrader\indicators\contrib\force_index_ema_2.py","0995EB4B2B2904A1F81CC5F482DDD5EA043759F17882269D4D0295D02DC0F856"
"backtrader\indicators\contrib\force_index_ema.py","C35E3018E385AC3810B851F27AF740BF027DE3A45EBCF968727D744C95393219"
"backtrader\indicators\contrib\forecast_oscilator.py","924CBEEE8789776E1896B41AB3F0C3FAB80A0E3AD92385BC37CE00922655F27E"
"backtrader\indicators\contrib\fractal_amambk.py","E1A94A8721FA4A9532507F4D5A97963AC982513068D6C140AFCADD75F4B1AABB"
"backtrader\indicators\contrib\frama_series.py","83C3E0C4F9D9042AA7659E64BECF0986EF23DD6ECDDE49D5DAC889909D479CCC"
"backtrader\indicators\contrib\frasm_av2_indicator.py","783E6F709D238BC8A2AEEA164ED2E32330A9C25F0BC946614707DCD8E3703A77"
"backtrader\indicators\contrib\go_indicator.py","DDE05EF06D978910916F52D940F2DEF6EB53905C6DFF28F409B3AC27E956914B"
"backtrader\indicators\contrib\hlr_indicator.py","0F45E041A560F9F4AE0C21D9141D6CD28070908F14050719CC321E0341113CCD"
"backtrader\indicators\contrib\hma.py","3FC2A39D6231508F5DB058EEBA436600F53EC2B61AC176FFF7EE45B94B083D2D"
"backtrader\indicators\contrib\i_anch_mom_indicator.py","0560782181444EAF258B530F78D09C79A7C5D26EAE941C4C438D852C7E837A25"
"backtrader\indicators\contrib\i_de_marker_sign_indicator.py","7585A53EE5DB530A03DFFB469A3FEAD5922E28EA8BF60CE3B8984F666596FDF9"
"backtrader\indicators\contrib\i_gap_indicator.py","5614E9B3EE6D7E3C55A1283ABA756C5818E7692409FDE004104BF2C4454EDEAD"
"backtrader\indicators\contrib\i_stoch_komposter_indicator.py","EBBFA236A34A3908033FCAB72C554B15F843DC5C2C1FF2F8164589EFA99016BD"
"backtrader\indicators\contrib\i_trend_indicator.py","C3AA5AFFCBB74FAC05C6ECFEB8A1E6DA4E5425B3917576626519F449551464B4"
"backtrader\indicators\contrib\i4_drfv2.py","D7AA3BDAD4F93403867BF5A24C6EC0D110FC0E9B7BE7401B3027552930FF9492"
"backtrader\indicators\contrib\i4_drfv3.py","528BB684BB90A084D5952149ED0D90A5354A7A1A76F691640CC30C7B562F543D"
"backtrader\indicators\contrib\iamma_indicator.py","B76ADB4A2963F336137DBB73B499598F262A653CCA78833A3849219CA40EA8BC"
"backtrader\indicators\contrib\indexed_moving_average.py","B0A5C13258A5CB838FCFEDEBEBF11FE4630751C02F8E7553171DFC67EB643B63"
"backtrader\indicators\contrib\instantaneous_trend_filter_indicator.py","11D3935E04BE790C1763E1E03D521AB0C57600017999E96C6F6188F518EB90A2"
"backtrader\indicators\contrib\inverse_reaction_indicator.py","8FDC48B1E442EDD00D8CE9F33040CEB7D76F717C5CD022961A3C7D27195565BF"
"backtrader\indicators\contrib\irsi_sign_indicator.py","561BAD5CD67C74CE49A6F87C1ED97FEBC4C3A9A567121A76C777D26AE7F8B151"
"backtrader\indicators\contrib\iwpr_sign_indicator.py","19D9435B47FF280B0EED2CE7EB229A52230DBDBF34DD4B24E7235C98DFB556EB"
"backtrader\indicators\contrib\j_brain_trend1_sig_indicator.py","EF923B2F34A02086B2F6B42B896BBE339DA4A222349B79A3BBAD1218FEBD666E"
"backtrader\indicators\contrib\j_tpo_proxy.py","85B8CF257FCB854C0913628BF2386E8CCD977DB920C3F861D83F14B8BDE303BC"
"backtrader\indicators\contrib\jma_slope_indicator.py","00235C534526BB4C738789F0BE3AC79693D4612E6CD42D991F7A719D1B109BD4"
"backtrader\indicators\contrib\kalman_filter_indicator.py","A7898252CA7569F10DE6C5B560A5DB5D535698B6351CFFE2B201895341433CA1"
"backtrader\indicators\contrib\kalman_filter_line.py","2D10C805129A13015F2E83ABF510B69DDA54825439BC7D8442FA6B4389BE303B"
"backtrader\indicators\contrib\kama_indicator.py","651F56CABB3FBCDF1528D6F8641E7421D376BB747E353570CCBE7D63467EA7C6"
"backtrader\indicators\contrib\karacatica_indicator.py","3DAF6E21C5848521D3C8746CB5D5B4249F268341C026350D1748D71328B46351"
"backtrader\indicators\contrib\kdj_indicator.py","CAF10965853B22358080456880F9BD2990E683037E3EDA6E133606EF4B909F12"
"backtrader\indicators\contrib\kwan_ccc_indicator.py","E2EAF19BA53B1B4682F69308C2636AEB1E0F77B5B03635096C9E26861F539A1A"
"backtrader\indicators\contrib\kwan_nrp_indicator.py","D64A647CCD6136F92FF721FA3A3D5A6C6EEC4672E0F404468084F30ABD4A81FA"
"backtrader\indicators\contrib\kwan_rdp_indicator.py","26EE661021D2D22FC9760864446B39B5EC620112C75984D8D000C2EB0D46AA43"
"backtrader\indicators\contrib\laguerre_adx_indicator.py","83BD41AD02317B91204EDF9D54CC482522A35F1FE5CDFDE314CA3A71F640CA20"
"backtrader\indicators\contrib\laguerre_filter_indicator.py","B289E7CD977EE7F79AAC211B97E884959FA9DC1F4D32EF83F6441BAC325F8B51"
"backtrader\indicators\contrib\laguerre_plus_di_proxy.py","9D00EF9506102D6A8EC381C466B352F8CF2C8255FAB4416FA856EA4DE2AC86EE"
"backtrader\indicators\contrib\laguerre_roc_indicator.py","CCAA9512A2BC4F053E6A3325CAD4C991566DA5CC5E986B91C7DA22EA4D710C40"
"backtrader\indicators\contrib\le_man_signal_indicator.py","59FBD30B1F000959ED5F4EA6FFD58C98AADD299C0F79DE754AD2157334A0A202"
"backtrader\indicators\contrib\linear_reg_slope_v2_indicator.py","2DFE2B3E3E1E9BA87B54399E1F42A6BD71BD4302F1D37E07FD63AB2C3336A317"
"backtrader\indicators\contrib\loco_indicator.py","A6FAB6100E4C687893EE4383CE39FFFF13571D5AF5461E358310F1CBDC25DA27"
"backtrader\indicators\contrib\lrma_indicator.py","6D7D0BF69F0C8113269ADCDAED974D103A24D15ABC569B73867C7A9EB11FBFAE"
"backtrader\indicators\contrib\lsma_angle_indicator.py","1DAD5D536F3DD558E43AB57ED3B16E44CB37BAE423CF661B0157B5FD78271675"
"backtrader\indicators\contrib\ma_rounding_channel_indicator.py","91EAC9D123D9943FE92BF248A55D7BD7C2607E139F470D59F62D3FE7FD02F692"
"backtrader\indicators\contrib\macd_candle_indicator.py","7899F6A4E2A2C975E18AE10ECCBF8F164B1C8B7574902FCF464074F49E6334A7"
"backtrader\indicators\contrib\macd2_indicator.py","C416BEDF81F9172DC22C067775DFC630B730603F660F055F891708DB5ABEB9C5"
"backtrader\indicators\contrib\malr_indicator.py","B37F52A745C03A4EDE8736F80F1341ED066C604E9415AD3C2D817A8326ED0DD3"
"backtrader\indicators\contrib\momentum_candle_sign_indicator.py","310900AA8B27EE1B98885AE0250C544A3111DCE66E397F44A230E9A3A0C3041F"
"backtrader\indicators\contrib\moving_average_fn_indicator.py","F45DEDDDBF17C4E2E4692BE503AEC01C03F4474D4CEDE7920F0713773D8633FF"
"backtrader\indicators\contrib\mt5_stochastic_close_close.py","89AB77E295D15A410983EC3F377AE3AFF23F2375D9579DEBC359B575E79A9B6C"
"backtrader\indicators\contrib\muv_nor_diff_cloud_indicator.py","B8DFF7C64F0F0E84537BEA9254B2BC21BF2691C14CD446CC788AF7DB0FDA1044"
"backtrader\indicators\contrib\non_lag_dot_indicator.py","BFABA9DDDD6E1CC634AC5175018C12D9ED40F841EB9413C3DAA016C44E682A7B"
"backtrader\indicators\contrib\nrtr_extr_indicator.py","57E0ECE981E3DC461309BF9EAB8AF30B7DE9C1EC16E0AB7FB80325C16F8F4B46"
"backtrader\indicators\contrib\nrtr_indicator.py","9D4C0A765CAC52659C4BD1F76B348D51025D65DB8827F9F4DB30DDDB3C40031D"
"backtrader\indicators\contrib\p_channel_system.py","1F9CC789C9BCD5506316B03475C6F547AE71A445192130EADF0AB1D41E9EE045"
"backtrader\indicators\contrib\percent_envelope.py","AAC535165D3B7915DFAD5E6FB76D6F1B18B66DBD64201E9740DA3FA0B6BF394B"
"backtrader\indicators\contrib\percentage_crossover_channel.py","5CE4396C34C3DDD54DE9CE15576CDECC309AF5CA428F499CB4619A892425805D"
"backtrader\indicators\contrib\pivot_zig_zag_proxy.py","5BF1A81ED9AB094E94F7954FDAA0963A466056CDDF483DDF8DC97D9A89BFF9E3"
"backtrader\indicators\contrib\price_channel_stop_indicator.py","22175C0621B829466390AEB79BFFCA60EA10D6B602C7060D38C4B0401D80DF3B"
"backtrader\indicators\contrib\price_extreme_channel.py","580922D68B19DB1217007C09619D3F7411FA7777E9851B01C28600A87F09F848"
"backtrader\indicators\contrib\qqe_cloud_indicator.py","C23FFDCED77F40F787FD375E27CE4F1CD74D3D4717AD4BA5093BD9F8385F0385"
"backtrader\indicators\contrib\ravi_indicator.py","A7376F58A19DBBA118FCC60E8EC8796E322E6B9AA51137F161B2281C5348ABB4"
"backtrader\indicators\contrib\raw_close_close_stochastic.py","E831B74D3B161F5ADEDFD32BE0FF9E82247965A72C9F746F91D2F2A7ACD73118"
"backtrader\indicators\contrib\rd_trend_trigger_indicator.py","67E380D60AD95FCE1A4B2ADAF40ADE5481A02BCF8271FFABAA8472917BDE1072"
"backtrader\indicators\contrib\renko_level.py","832F0AF855CF7A552D2F54042B193A8D1791D97B8FCAC4E028D3A1B3BB3C384A"
"backtrader\indicators\contrib\renko_line_break.py","AF257772E46E63B6CB8A55EFD0E39457B6A1193BD8F2A890995CDB8D9D2A0512"
"backtrader\indicators\contrib\rftl_indicator.py","607649EFD30C3954AB132058CD3D91E283F033999BE28BCC40384AEB4BCD90E0"
"backtrader\indicators\contrib\rkd_indicator.py","BA02E0EAE61224BF5A1A4FB2FB88DA74EE2E4371F5BDA85AFBA8B42541CEA4BF"
"backtrader\indicators\contrib\roc2_vg_indicator.py","B210D65906F231587500EDA4FC6C90CC5DF4A24D7C9D62FB8461838B301BB644"
"backtrader\indicators\contrib\rsi_histogram_indicator.py","BDC3582A711DF50A21CBBAC248A5024F7C2C1C93ABF947BAA0B7020B5B447D75"
"backtrader\indicators\contrib\rsi_slowdown.py","F3ADBD692B9B7A2C2A05D686354AF543F297C8E9B17EC448DBF0122831E0AB57"
"backtrader\indicators\contrib\rsioma_v2.py","4F803101E794853C04AA64F3DF4C10FE944036D8BFB9D49562AFE84B2F38F03C"
"backtrader\indicators\contrib\rvi_histogram_indicator.py","EE46BDD35D719A3F60287071F95AC3ED22EF4E3CEC17FF86F41ECDE93BFB6336"
"backtrader\indicators\contrib\safe_adx.py","EAF6C8A6154E3CB1102AAE3423B8F7E9250AC8D059A89B0C3CD23676B8E6111B"
"backtrader\indicators\contrib\shared_strategy_indicators.py","C0803A58B8BA5EB01F1ACF8D18AD1CE1216879DB188417FF0F27F4A90C8F2DA4"
"backtrader\indicators\contrib\sidus_indicator.py","E7DE23625A8351409410B1F5D0B4122A76D228A3D6032899B6730A1B17E33E67"
"backtrader\indicators\contrib\silver_trend_indicator.py","796AFF7DD0AA82C9C669F9EAD5EE291FD6E575C5366B0442E705FB60F5557E7D"
"backtrader\indicators\contrib\sliding_range_color.py","689762AF1088E895F1A6F8752F267CB53BB8E15C3D9A6785ACA574C9C6F25917"
"backtrader\indicators\contrib\slow_stoch.py","2109E9737671969BDEC129137CDFDADF596206FBC87E25393253416FBFDD3329"
"backtrader\indicators\contrib\smoothed_adx_indicator.py","B1D8D1DE5F37149207AD2C59B5880CFA9B6D46FE2608FDEA5C31FED6A8F27132"
"backtrader\indicators\contrib\smoothed_rsi.py","B70EB91DC2EF3E0C13E1B23A61B203496B16260AF424A23675136E563C0E4C30"
"backtrader\indicators\contrib\spearman_rank_correlation_histogram.py","68DE8C99605B622E52D73C34E91B8AF778B9AD1574D42DD13735BD2FBABC56DE"
"backtrader\indicators\contrib\stalin_indicator.py","7791361B5C95A4D48F146164EFD234310823E9C97B9ACB8AD025DF5D6DC733C7"
"backtrader\indicators\contrib\starter_laguerre_filter.py","243C6EA46F9997B7696C184D082735F99B0B6E28C5B05AA15D01C90BBCB4978E"
"backtrader\indicators\contrib\step_manrtr_indicator.py","910B587F26CF7517FDC9CAA3960FDCDB437F1E51916491BC7F22A0E4CBFC898C"
"backtrader\indicators\contrib\stochastic_histogram_indicator.py","0B5E143BE5673374E800B5682D63CF03D1868155B996D41D3AF25316A6EF9D70"
"backtrader\indicators\contrib\t3_alarm_indicator.py","03D29E9B7E67A39B786BC6AF458FBF74232D11E66C5F0E753934E44BAA86ED4B"
"backtrader\indicators\contrib\t3_average.py","C428F45F01CEBF3D7FF1448D7C01985D9B96517DF30C1D14C0A5E6F09AB62DC3"
"backtrader\indicators\contrib\t3_indicator.py","15EEF49E3D6B63D1E221E722339B45BB5C4CDB008EA48F870F5EDFDEB3DB7DCB"
"backtrader\indicators\contrib\the20s_v020_signal.py","0C50E19DB8F0EC0CC9B9D8E40FB4F2EF532A56D2A691F4077903AF400BED7C81"
"backtrader\indicators\contrib\three_candles_indicator.py","318D6009673ED1BC808D0567E39A1B53562AB6BC03489F7E1ACCE98741A40038"
"backtrader\indicators\contrib\three_line_break_indicator.py","921D454CE32C8CEF9FDDAEB7D3E216958CDE1DCBB79179327B55032C25CF4E72"
"backtrader\indicators\contrib\time_line.py","80FCE88C34569CD7F247E5A048241BCDE8AB53EDCBD4C54A5DBF852D18EBED15"
"backtrader\indicators\contrib\trading_channel_index_proxy.py","206F4F6D0578831B6F500B8879F3A00D83CD7C2FD625E4822FE86612950DE459"
"backtrader\indicators\contrib\trend_arrows_indicator.py","7D9ED5DC6B76857F407711CA0AAB5CD946FFD49B687A205F35B6444162647B0C"
"backtrader\indicators\contrib\trend_continuation_indicator.py","CDC044A88A74B7A2C9EB0CB07CE4A8D808881334D36BB1975CCECB7040956910"
"backtrader\indicators\contrib\trend_intensity_index_proxy.py","7FDBC562A17F8108F1CF05C744BD7A3D16E5E58A00294E3DF599223C2AB529A9"
"backtrader\indicators\contrib\trend_manager_indicator.py","66882005480063222406797F957AF0BC4A08E80A3F969EA164C794D314A34FA8"
"backtrader\indicators\contrib\tri_x_candle_indicator.py","036196E81299D71A6B5A3A00ED05B9A74EB01F8098673FA984CD7CCFB4440A6A"
"backtrader\indicators\contrib\trigger_line.py","80E499BE1767E1868A261FB14B8F0A78225260943BBD1943AC1AA74C24F874B5"
"backtrader\indicators\contrib\triple_ema_rate.py","5B4FDD083624B665ACA5F04A255CDE4723E9DD2BE4560A8EE1CE70B5684EE2AD"
"backtrader\indicators\contrib\trvi_indicator.py","2486BE2F2F5556211BAC43E9F493C0E1335B1BCDB3613AF9CE767433B0306C64"
"backtrader\indicators\contrib\two_pb_ideal_xosma_indicator.py","1C434264ABAEACA92B8EF2968C2CAC03A2B4EDEA717F4FD9C87F365856499126"
"backtrader\indicators\contrib\ultra_absolutely_no_lag_lwma_color.py","28A79C72AA8E738E73AE8D63141205DA95A8FFBD3D37A6DBCC5B60DD3A51BC4E"
"backtrader\indicators\contrib\ultra_wpr_indicator.py","22DA18D78647C808C04786D73AEF0260E5BE6FA0358BD555618BDFD5D7085A47"
"backtrader\indicators\contrib\up_down_candle_strength.py","8855CAD16F46974E64CF47DFD5D180E7DF8D16F180EA23063A9DF41089769B0F"
"backtrader\indicators\contrib\vinin_i_trend_indicator.py","67B3358221AF49F16999C80EC1298C6CDD50AF0CA612D59B4DE7038A78BE3C41"
"backtrader\indicators\contrib\volume_weighted_ma_indicator.py","60E90B26190E6BE781D992258FA999C1C6BD1E37D0116C7FC677AD1083F630DB"
"backtrader\indicators\contrib\volume_weighted_ma_st_dev_indicator.py","A00D6AC0F60AC16750FFE404191ECD7C47D918CEC4669AD12B1CAAA3E17826B3"
"backtrader\indicators\contrib\vwap_close_indicator.py","5D9FF227A926BCA36806FFF0F45EEDE3CAF50E102C8AB278191D6D11A5ABB3A3"
"backtrader\indicators\contrib\vwma_candle.py","9DC678B3D31578A3CBF79ABFC1B75D27C3FEFA7C82674A2FE2752FC0B32872AC"
"backtrader\indicators\contrib\vwma_digit_system.py","F979DD6954673D03498043130FE73708D6ECC1F6AA33E58BCE033BC8AC1D30ED"
"backtrader\indicators\contrib\wami.py","486D26071FF49E7B76CFED4B54F5E6C6234D95BD344CF854860794E63F7149E4"
"backtrader\indicators\contrib\wprsi_signal_indicator.py","E676D238331718B5478C69F8F80FAAD6A7D444CD269E42AF76B856AB516CD3DF"
"backtrader\indicators\contrib\x_de_marker_histogram_vol_direct_indicator.py","63C23DD95F40D50BE05FC17B5A2908B4B742FD5BF3B78C98599FBF27B76E76FA"
"backtrader\indicators\contrib\x_fisher_indicator.py","4C8E520C03A5A02C699B5A64824B890E7F2B8F4908770B5D74655D3314B4B2F4"
"backtrader\indicators\contrib\xcci_histogram_vol_direct_indicator.py","7BD3B86D701A7DBC46F27C97C411AACAD58148E12418593F5515C68633E7222D"
"backtrader\indicators\contrib\xcci_histogram_vol_indicator.py","68B3CF3D15549AD6FB44EA83E20A97F93436DD899B59BBE473CAA95FDD7EF8DF"
"backtrader\indicators\contrib\xma_ichimoku.py","87D301DF7506C459309FD1D868C62C679C83C00C0CF4522B58A8D1871401D75B"
"backtrader\indicators\contrib\xma_ishimoku_channel_indicator.py","A3FCD4951170FDEF0E20CC3DB76D970D913AB8CC908F6172F817FC86716462B3"
"backtrader\indicators\contrib\xma_ishimoku_line.py","7911FFE2715C46D8EEAA3DEBFC6CD60BB810DF5CD9CB1F060C12705DD17CB3AE"
"backtrader\indicators\contrib\xma_range_bands_indicator.py","E9D5DCAFD1FDA00B0E755325E9A847CB54FC8B9CE3882D0DD8B52EFF84C87FEC"
"backtrader\indicators\contrib\xmacd_indicator.py","26CFA693D5CFC005693E13699F2FC6171875E5EA2850B02F63760810896EA0D3"
"backtrader\indicators\contrib\xrsi_de_marker_histogram.py","85DAED3965FC51DBC602F082E84B40DE7E10E7B91FF2E7EB0342607753CA9D70"
"backtrader\indicators\contrib\xrsi_histogram_vol_direct_indicator.py","CC3B65252E4A34136AA1D5DC0CE5740DE5F53EB1E85AD4DC7BD69A9D2DABDD93"
"backtrader\indicators\contrib\xrsi_histogram_vol_indicator.py","A6EC4C29923F364BA11A8BA07BAE36A68AA06AAFA5624E4B2B0DF1F140AF3E6E"
"backtrader\indicators\contrib\xrvi_indicator.py","10B8B00026359A227C627ACC31CA701A9F76E2B44E6B5CB078D02D31EB5548AF"
"backtrader\indicators\contrib\zero_lag_macd.py","BA82BC43D5084DE7874E661F0B102F4FF503C9C33475C5BAD4222D2208D4FC6A"
"backtrader\indicators\contrib\zig_zag_recent_pivot_signal.py","58E54A10D5D06D84E7F91A9E637E20A76B2E8D39EF90173892870282C7E9AE42"
"backtrader\indicators\contrib\zpf_indicator.py","DF86B8B6444EB02BB82A88DCDC20F96C7B64DD16DD791A406B38C7CE71B41F5B"
"backtrader\indicators\crossover.py","F302EA1F80C5D38DC733F6B3D3D5B3BE2BDB434D9B424DD0CAAE1FDD9C75EE49"
"backtrader\indicators\dema.py","1E9FED3D33D27F6C651A45B7F2702A99D1748ADD81839D059EFE807991CCDD12"
"backtrader\indicators\demarker.py","8304755BB34BAFBABAFD4A286AEE5D4DE34994D50AA0F37503269F599909E19C"
"backtrader\indicators\deviation.py","09CF00F27115800F6AC44FC4A40568AEA77720428D45C1DAF99A41E3ACC0D8BE"
"backtrader\indicators\directionalmove.py","C3C32ADBB0D966D2E74909DBCBF93B3EFD2A60E39D7CE0EBCBDE562AF97BD54F"
"backtrader\indicators\dma.py","700B2AF0EC1187656760653E9F52B5E640186DC19551C913E1684F75C953CF74"
"backtrader\indicators\dpo.py","9A8CCB9B65A2D4321147DD87E2CA7D64B451807DF814A97322089F5B48D2373E"
"backtrader\indicators\dv2.py","BD60F80849590CEAC4D463A4735BF6844CFAF1D4E91F3F0A23DBDA70B80FDF1A"
"backtrader\indicators\ema.py","239FC1664849552F8D9AFF6B4A64B6191AF67DAB67019830F38F9EDD6EA77602"
"backtrader\indicators\envelope.py","9A8395EA0DD768B8F4E181963CF254F6FA7E4FB342AF90D39028B6EA95141FBD"
"backtrader\indicators\hadelta.py","8E7A71E76FAE1E6B4333C1DC74740B036796DAD5027D51DA76DD8A9D9D420DBD"
"backtrader\indicators\heikinashi.py","5B7BC328E583A1484DD90173E63E300D688B8A1916CB2B46AB9265B8CA53A2A5"
"backtrader\indicators\hma.py","45DB5342184AD0BDCA365D2C1AB3EB4AA79BC5904A353D8E4897342639C6294F"
"backtrader\indicators\hurst.py","706AEEA3345AE0CB72AF880F05BC8BF824705ABF837C2FD7C812F7570C032303"
"backtrader\indicators\ichimoku.py","66E4A87045910F3F01ABFA5E62929EA86C70F1EB4079D8174A52759A828DFF4E"
"backtrader\indicators\kama.py","1C69FA29545CE47FCB441BAD56A1E3034148B01DECAF63C923AC95CAC0BB0A03"
"backtrader\indicators\kst.py","461D49782EE7A60847DD7E5CBF6AB4625BF742A4AE86C6742D2800E2D8F62EDE"
"backtrader\indicators\lrsi.py","24E262F4DFCD8212DF55770A87658FDC631446671D5CD82D2EC5CBA426801907"
"backtrader\indicators\mabase.py","D12E5CF40F492C94873B08CB3CCB1F9D451DA9674CA7DCDFC8B5B7FC145B0D64"
"backtrader\indicators\macd.py","C114A4D1A591389334B7A6D9091BA3F800B7F0DF7A2679B319F921763B4BA997"
"backtrader\indicators\momentum.py","B61A2F7821C6D8FD61EE1700F40D6969C01420202B558040CB0C197BD0105553"
"backtrader\indicators\moneyflow.py","46CF8F3D5593485323E898EBB4E81DDF461421BAA6A35B350AB63D86D2C51DCA"
"backtrader\indicators\mt5atr.py","1637BC6B43A6E90724A9B46901DE227609E173FBB5C39014C35002E422D456B5"
"backtrader\indicators\myind.py","1E1F956EBB149D96882BF78EBB14E8662138506543D2C6E1F89BD4FD743C47BC"
"backtrader\indicators\obv.py","DBFF67FDB719AB6119CD68FDF7FFE27DE8EDA5FB3E567B95740A45C4EBB2E8E3"
"backtrader\indicators\ols.py","0032254B1F976C72703F2C15B1B2285FC4AE7807CDC3B5B232281DEAEA5D3A36"
"backtrader\indicators\oscillator.py","EE4A0F1726EE9BA51194A158B787500712172148ECC7003C5F45F26E4CABBFA7"
"backtrader\indicators\percentchange.py","4DF63A7795AC7C63B6115C2558D47BD3BE32F21C57BFDB3E86D6DAEB4BF14D56"
"backtrader\indicators\percentrank.py","6DBD1881C55A974AA3E19C035B2AD1AA7CE173AE48E974693B349CE4106135C2"
"backtrader\indicators\pivotpoint.py","CB7BB9C42072DC2334DA022D862B4DCE9F716F32A4D5F9C6C63E83533BB35670"
"backtrader\indicators\prettygoodoscillator.py","1DA9C95AFEDF21052CD2EF12C365DBE26C7AE789C2206CBDF52D63640E7DD559"
"backtrader\indicators\priceops_ext.py","D2CDC8758DBECB7D0150DE90FC5A28A87964ADB45C846D199A479EDA6F760713"
"backtrader\indicators\priceoscillator.py","2EDE6059492C0E95A492914834366BFB94E7BC4F205DE12CFA85F2629396186C"
"backtrader\indicators\psar.py","583F28C61414605307D4E147126B38BFDA1B503B6D4686DF9FEC365E4FF8DC77"
"backtrader\indicators\rmi.py","17534E06438A9FD97CC69573F29DB694E10C528644A71C212538EE2056598771"
"backtrader\indicators\rsi.py","212CAC9DB6CF4E00B63FE5E30756F6431218F052400003D834FD851A883C9CD0"
"backtrader\indicators\sma.py","E37CD2DD5BAEF41F2D8F4EC84E8742828A54D1EC5DFF63051F55E6E56E3F4EC9"
"backtrader\indicators\smma.py","63F3A627D843716BE4170CAA9D530CFEEED7B05AA36875B38404755493AAD589"
"backtrader\indicators\spread.py","CADC970888FF6C7BB1BC262B2B6976DC07D02EA6E9ED7BB5A917284960B96201"
"backtrader\indicators\stochastic.py","A15F94D38922BB6092AD17194E2B34D66CDDE02B6F4F493346999B612AF22AFF"
"backtrader\indicators\supertrend.py","0455EF14E35FF8CBFE852C2791051E9B6137D04B4A9C82D03A7A9A61CC56F143"
"backtrader\indicators\trend_ext.py","5C864F0B917345F0968665C48890CD57653F551EE674709659F54FE9592B3C21"
"backtrader\indicators\trix.py","6836341B4C2C029A4ED8870BC9677D5EB2B78F35B68F06AFD8B80B60A6223D14"
"backtrader\indicators\tsi.py","2CACF1F5888BC4E0B34083C9A6BB43A886DF25E56FCC12E083471D3D3EFDD5C0"
"backtrader\indicators\ultimateoscillator.py","3C1A6A3F8668CE17DA95F0AE0C541073E7D4BCF48DE1DDA5962A06640FC54911"
"backtrader\indicators\vortex.py","F4E737573BB7EA562690B4D394246E21D05C547800072D56A901FDEB4F1BDC43"
"backtrader\indicators\williams.py","1BE41CAB900C2D295DF730401B5B527788F68588E92C82FF957933804F8C4923"
"backtrader\indicators\wma.py","3063BF4CECC14D163A191118EEC8D4E990E405B042E98B3D7E0D6ABC34E4EA7D"
"backtrader\indicators\zlema.py","53B5C95D168FD24A8BE38804981C819E0D7C0A665C6167358353514B876B6CF7"
"backtrader\indicators\zlind.py","88775A62997E8F6331E23674E0BACE32572EAB971EBC0643BE8528803EE1B507"
"backtrader\linebuffer.py","9F15CBA935326EC5323F35CE7401F01F3D4F348E029FB0C1FFB3548D1A7AE87A"
"backtrader\lineiterator.py","6D458609F7463955A935B24EDFBC76509F586922DB1E9E34713CB0F1435662A9"
"backtrader\lineroot.py","D5034755681E9A55025BF0072AD1A5662E9395EB5158586D8B05794C26495E64"
"backtrader\lineseries.py","822C6EA78F9B545B2B03BB4022C458AC10F5C47652C5AEF5CDC8242954C05D9A"
"backtrader\live_trading\__init__.py","F92021CB9A58DDE19499A2AF322771AD756051AFF0F16B2958BD56A7535D46CB"
"backtrader\live_trading\interface.py","A8FDAA36ECF9D5F4FF8886E8089FC1FC94C7F241927017C95D8A66EA9D2F7BA5"
"backtrader\mathsupport.py","5B2429D194C89281E14D936D3EB9226BF531DE12DA24975B34DDBE8173674F13"
"backtrader\metabase.py","3B0375333FAFE5538F40A6E419D2DCD14C9223EE690C5E9AF978F837198A5847"
"backtrader\mixins\__init__.py","E42A45DED9880AB6216AB4E04669EF52E95B4304DCDD41E7DD58180DFC940433"
"backtrader\mixins\singleton.py","95CE18FA14DA90296585457FB16EBAFEDA577847A89781ADF6F0BD4EF4C4D741"
"backtrader\notifications\__init__.py","38D33774784113B0F85169BA0826D87CF06A503C2B1D825F743CB112F597B622"
"backtrader\notifications\adapters.py","D9327AA9AA52AD1E16EF06A183E3431DD3A05D94A0F2E5EE277BB6F58AF3C5F0"
"backtrader\notifications\channels.py","84FCA1067CE3E7DCB9B51494D15AB5A934180C2087E1C2657122F47B145F7A71"
"backtrader\notifications\config.py","E9989AB11EE86BC028F947594FEEB37DAED73492AF69F6656D02ABFC7B8368FD"
"backtrader\notifications\core.py","0984A19AD3E76882AED12D0E514E55BA800853FE8227040DF0E7634074DAF174"
"backtrader\notifications\security.py","F3E46D037A09293F4D5500DE1F4EEC26E9B2BEE3F7F4A6D61DD52224612D53A5"
"backtrader\notifications\session.py","6CC85824C3E85A69DA2A7407C48F0C06E1255CE5EF5E4648E9ED2B92FDA10406"
"backtrader\notifications\signatures.py","0858D28EE6EE0BF7B9B9E8A8B21CF7C99C0427C5F084F52AD387A1B9C02E3D2A"
"backtrader\notifications\transport.py","CCE0FB6A9FF68BE2B5555271F60E40761A83F95CF0E443DDD4719827D9784DD9"
"backtrader\observer.py","BF7697B94AB1F787B6DC48EB0E86AFE36D8B66500E5BEC75D18ACF30276E3FBD"
"backtrader\observers\__init__.py","0A0C3D0B68F69205192A2B670AA9A1FFB8A1AA0CBAA5A24847E24500805113CD"
"backtrader\observers\benchmark.py","063AA60523D3DB42EFFBFAEBE20EF75396BC5C7337090237974BEA1C0BC7321F"
"backtrader\observers\broker.py","1D7302688B583406E8E997AF12D49F99AAFAA6536B0CFBD4F71330043A898F90"
"backtrader\observers\buysell.py","8C1A21C64207A29E20DC4DE21B9883A6D0F880F3A2CE7C6BCC7082260BD622ED"
"backtrader\observers\drawdown.py","C4D023E86133EF5A8447488ED525A34CE2F0CBE2CC969415AA2539FAE8E940DA"
"backtrader\observers\logreturns.py","FF7FCC7C1054D89DBF436F597FF7C62CAF500C09C4D4CC79A75B01B4D3016F20"
"backtrader\observers\timereturn.py","B6D60EA35675554FF0F35CBB91414A3FE93C079436833B9AD0775E5E802A38A7"
"backtrader\observers\trade_logger.py","47E410240A0F5C4270AC2751DCA4E8CD4D524F32124093BC5082B0B0B47A2CA7"
"backtrader\observers\tradelogger.py","B4B37F17397CC3B87EC7CB731DC4765C4C667FDA0A7ED57C55BD204C94EFA0A8"
"backtrader\observers\trades.py","A1EA396D1D6335748F3DAE0BCF5EA655D448CDB715C2D4BBF26BF359EF8D186D"
"backtrader\order.py","8114920AE483779F17FB731C941C7A4FBD8A5D17E317E0B67566BE9DEA6B39D6"
"backtrader\parameters.py","A6E5AF8356B6E042BCA0A8700424275F34C4FC09904909E5960FA5664E0B8618"
"backtrader\plot\__init__.py","66D26341A4D727ADFCDA106136B6D67D5FA8EE283D6ED5BCAE953A00CAB44750"
"backtrader\plot\finance.py","87CE9500004A9150E7E0954EF0CA4E99B81CF00273D086543BFB5A3DA7BC98C4"
"backtrader\plot\formatters.py","81B8F167C2F4CEC05D5724D1DD485256A3ECCB2620B6BC6BAB1029D81F48C235"
"backtrader\plot\locator.py","20A515EC539416EAF0B655FF3F246AE97118AC0D35602DDF824F9C88750A034F"
"backtrader\plot\multicursor.py","B652E6D950BD1E351FC18B2EDA7830E49D7F2FD9017CE1F354007624351EFA9A"
"backtrader\plot\plot_plotly.py","76B43B3C891F08A12F423A90EF3AC4ACE901C6B5AF5C9BF5D9F9A619022E3865"
"backtrader\plot\plot.py","E347F77664D7F624DA79F2205E26A84EEFB5269299E113FB24034D52937D70AE"
"backtrader\plot\scheme.py","F7288D57E64A5A61D291846AC5A869D2EA5168C719E53FFB9C752A13FFAC51C5"
"backtrader\plot\utils.py","2B0D901CA2082F3E56227B102808F0869CEC64E0D07E4BB679799CDE2C7504B3"
"backtrader\position_modes.py","39DC286282A1A210399847211700A8A5D69F0A5E8FC2DCBFAB7CC33B771DB844"
"backtrader\position.py","4DFD6228942F7E74D02C8376EC540B732BC6FA789857F626C0240B69838F8E9D"
"backtrader\profiles.py","0CD9EE5BD0B89892380A0BE24FF30BDFB9E04242E4CAAD93D0B26101437A1921"
"backtrader\reports\__init__.py","E4629F13210B5EBDD0416DABE0EF9110517DBF4FD69FA6543FE39FA5C70A2582"
"backtrader\reports\charts.py","DE21693283F773C090C297EFD337313BB0590E69ED978A637F3A694E6E999318"
"backtrader\reports\performance.py","C404A19EBC1C50ED579D7F17C7C38956C72A345EC27EE1755DAFE8AF0AFF9969"
"backtrader\reports\reporter.py","E83B26B1E78F308C319A064B1EF59F15EC07B9582D8B4A56D2C46FEDD28CE0AA"
"backtrader\resamplerfilter.py","63EECF77764BD873354B6A273F670B66AF3CB195B7F9560EFE7D44B156370FA8"
"backtrader\runtime\__init__.py","7D1F092E7237043B255BF0A53E613C300A6B95D7B1CD84588C0AF0E223353050"
"backtrader\runtime\__main__.py","9082C7592E58572BD749F8CD928B42F20FE3CBBDE7AAFEF1E40DD90ADCF6CD36"
"backtrader\runtime\cli.py","DCFF694E1F522E83C2633788F289FDB5BDC40A2BDC0F3F18A376489429764436"
"backtrader\runtime\config.py","AD5C5D636B0B6AF5178FFA5A2A40CA66D21E11D9A24228B035DCEB9192FF9ABB"
"backtrader\runtime\errors.py","71E576FC649B425CB9BED612EB52E43751E97F6D813B58BE9C23383A5903D28A"
"backtrader\runtime\policy.py","DE04951EDAD075DF060D943FABAE7014B19CFF3598D96D7CC03A5FA9E03E0657"
"backtrader\runtime\registry.py","DEEE9E7AE1A71505A592AEE92631C5AD201AA412F13586242DE9D47394E5BD13"
"backtrader\signal.py","7B408EFB53CB6F4300AFDA5FABF9B42D2EC4A48B2540E7C97FE9474CA5581F57"
"backtrader\signals\__init__.py","7E12D90E47849A4C641F0DE8FA7C9FF77D845CB0EBD3FE8A9DE01DE0460BA231"
"backtrader\sizer.py","C35E4A5EA11BE849B0E8257A97E750B46B24E45F4A7C65F69FB70C9F58FC0CF8"
"backtrader\sizers\__init__.py","CC18FC41CF4E365CA3B63FDF4D27A34AA3F711CD7D23182A3B0200EC154DF0A1"
"backtrader\sizers\allocation_sizer.py","7A3E93ECED08F9DDC374D994C41BA417D3E6F7276745A890F15204F3311C1CD9"
"backtrader\sizers\fixedsize.py","5B362BB8854147E3BB05579CF65A91CE7D439341586459542FC2F4D0EBBC36F4"
"backtrader\sizers\percents_sizer.py","45556578DA4707C71B4FDE5B56C426E90DFD54808E7BD3306C8225309B0659EB"
"backtrader\store.py","4E26537BA8909AA321E65C000EB3453A451DB8EA17A608B95A5E338FD06C09CD"
"backtrader\stores\__init__.py","076BB64AE832E189B28B313E0028E24005D507DD6B46D0336FE3295AF579B246"
"backtrader\stores\btapistore.py","DBA2989252DB76FE010FBEE7CAACDCDBA34A9B951E3702724156482B67FAE826"
"backtrader\stores\ctp_i9_managed_dispatch.py","6E0337776A9E6D016A8B0AB7CDD3C249DCB1837A290641F34FECED6012A90B14"
"backtrader\stores\ctp_i9_parent_request_builder.py","5DA324F3E07A4B6AF7400EB56B0C83D2F211BE9E5A7550AC0F53CADB3F6A0345"
"backtrader\stores\ctp_managed_projection_bridge.py","BB1C81335505B8F59EDAEDCED6424A4BDD7671BDEB59BA9F34C16FFC56FEEBD4"
"backtrader\stores\livestore.py","86884AE44F4DCF2FB92A9C004D21253EE9E21662AD37936120B45C98D278FA25"
"backtrader\stores\managed_execution.py","693BBF19592BB0010FA97D9AE7FC40B972EB1200392886AAAE3039771077C154"
"backtrader\stores\vchartfile.py","03361DA43B98566015B35F2C15030011F74B67FAB3C135D52956E99A30100E52"
"backtrader\strategy.py","C68DFD717EA62E56B74A56A8A7C1EC2A553B03002BD5B87A3A756F6A4998E5CA"
"backtrader\talib.py","5AD886CF43A362B79ECE013E9E9717C3B8F095A402802849C88C97CE9B969EA9"
"backtrader\test_helpers.py","F0351378C509B628A87DAF880C943095D053E11A147264AB9F45C3355A5DC95D"
"backtrader\timer.py","258EEAE71A1F32D733A482791D7113CA6155A665F03E29918782C2525CC80607"
"backtrader\trade.py","F6DA2947C90E980A3AE12047BC06E25B182B453C3F4E32DB5D64648DB8381437"
"backtrader\tradingcal.py","21949101DBF30291E7B73AFF65C450823F81C600D12DB592A805916007D61AFA"
"backtrader\utils\__init__.py","9A842999364BD670979592A56E34470AB8A56E030DC4CE7913EABC120A8B4B5C"
"backtrader\utils\autodict.py","895861968A404C11F651C786DBF89D1C8E0E778A2156882F9CEA471E70086A32"
"backtrader\utils\date.py","A2AF56B29EA29EC3EEA2E94ADD76C78D5B1DD602E5174296FD81C8C40A550466"
"backtrader\utils\dateintern.py","352E3BA37C8511F7F1CCE4FBDD3D59AD512143B3FDF4930805ECE0B82DDE9BAE"
"backtrader\utils\flushfile.py","44A03624B9B28BE300057071C3E63E7A8CFCAB2ADE15015DA9A72BBABDC70210"
"backtrader\utils\fractal.py","74EC0E11C1F37AEA1F2F78BF5E5FEEB2E1792613B65F59C933D7852DC8DE89B7"
"backtrader\utils\get_metrics.py","D823DC65CBB634DEB1076F9F0DA999FA7198B6B6F9E1111A33CE57070B5B1DC5"
"backtrader\utils\load_data.py","9ED669D21DC59D2320A1BE4F8D9F31577C64A32AAECE8E09D6B0958EC4755F9D"
"backtrader\utils\log_message.py","E526F8A6C8013B955AB099441B5747530C179F7BC57AF982D56B609E512FBCB3"
"backtrader\utils\ordereddefaultdict.py","B4212FA022D6C23D2B80F67B17710925680A41358A7AA4C9BA41B7D7EB4898EB"
"backtrader\utils\py3.py","191884DFBD24A023ACD491BDEE691F23713ABE879AE3DB876D0FEE0767B19A2F"
"backtrader\version.py","BAF442FE69CAD9E0900527AC4A1F0FBAD8131CB2AB96FB1DBF6E8D9F130B206C"
"backtrader\writer.py","70D069C7D4AA0FD9A0D84076B6606ED5FE0BE2A655F3827A47F111E550934EFE"
"conftest.py","27CEED0C4B0AF7D818BAB2E8BED89ACBF2E30A51010E8773E6F50BBDE9797F20"
"pyproject.toml","2E65494605E0BCB7EDAA5C2A9899355EB4255B6EF9D4292F9A1FF33562870F48"
"pytest.ini","1576B686B114693B61E77F681EA70CD51FCF22F5F8C9A403FFBFFE9E2C98EC9C"
"tests\functional\strategies\__init__.py","EEEAA66B269150A61CDE080809DC7C83DFCABCC0F95E46F5DFD7DE4731AA4012"
"tests\functional\strategies\.test_durations.json","FA52BC89B7CB88522C80CDB46A2F74EF4619D576B512A3F763FE20D54480B733"
"tests\functional\strategies\advanced\__init__.py","DC3627BF017D4130CE31EC68F5113E66E1E65F89AF5190CE8EBABDD8B705B3CF"
"tests\functional\strategies\advanced\test_44_signals_strategy.py","C594C7CB15A24AC9EDC422CB103F1B4E8DFAFC34418C81E88262500FB2C5C34A"
"tests\functional\strategies\advanced\test_45_multitrades_strategy.py","17917C87D3A023C5974266EEF00518FB83634308A031F312B0BB9A1CF0262A52"
"tests\functional\strategies\advanced\test_48_strategy_selection.py","CBE91CF06E52D019CF6A8269AB8A48EBA206338317376A0E63F8073D57ED0F6E"
"tests\functional\strategies\advanced\test_51_optimization.py","B60A872A97BDE9238E4BFABB1530107816CB7E4A248D5256E98F52EB347FF9AB"
"tests\functional\strategies\advanced\test_59_multidata_strategy.py","A43ED173133DE30D517E3A40C87596E8EAAE293AADFA6D7E760F60063E8C96D7"
"tests\functional\strategies\asset_allocation\test_0001_gold_tactical_allocation.py","B0578B72BC5CDBA6B82EF256B90982172D373A4BBF1FCC61A636E499FC3AF449"
"tests\functional\strategies\asset_allocation\test_0002_gold_60_40_enhancement.py","B9C370910A844DAC5F3ED7B414224AB7A8546A62263E07E0A7AF22A27E606257"
"tests\functional\strategies\asset_allocation\test_0003_gold_enhanced_60_40.py","8C0BD208F93486759BF554BDA9530628ADFB9C156D9EA976E375E9D69E100BB4"
"tests\functional\strategies\asset_allocation\test_0004_volatility_managed_portfolio_gold.py","3EB1839AA7FA0DDAD1FD1107C75809B2A835D691924170AAC382C99096E80D90"
"tests\functional\strategies\asset_allocation\test_0005_trinity_portfolio_gold.py","C1187B9BD74B798BBB7120B41BA237C23674FD3E65AD99990464B1A4024B1F4D"
"tests\functional\strategies\asset_allocation\test_0006_portfolio_optimization_random_data_gold.py","75103D2AF68855299BC1759E125B28491AD07E1C55975B2AF660ADB136C5B57F"
"tests\functional\strategies\asset_allocation\test_0007_permanent_portfolio.py","1B41B2490384F5EC8B8181851F0352272EEBE13F405D0CAB5F09A0D83E1CC7FB"
"tests\functional\strategies\asset_allocation\test_0008_taa_risk_parity_trend.py","E075EB8F2F761BA7C299A2DD713CC09D50301EA1AD7D6FED62BF5A7D608A7E42"
"tests\functional\strategies\asset_allocation\test_0009_dual_asset_leveraged_portfolio.py","BD84B21F89490FE04ED9BB8B9ACE0167CBFFB656685B8B6F19C4AF795FF95839"
"tests\functional\strategies\asset_allocation\test_0010_composite_asset_allocation.py","E4726E632D6BAE3BDBDA5FC140A3D2C91142AD5461B64EE0964F434321550DF9"
"tests\functional\strategies\asset_allocation\test_0011_sixty_forty_portfolio.py","BBAE993FA04BA7BB40F8C5FA95A885D92788AAE2C5C258EBC68DFCC87A73A691"
"tests\functional\strategies\asset_allocation\test_0012_hierarchical_risk_parity.py","E0ED5A3427FA083ADC1D528557B736E4C568562E45349239AB50F1CF1AF42B4F"
"tests\functional\strategies\asset_allocation\test_0013_taa_aggregate_timing.py","3EE162CDE692B646841A09D63CBC5E15D69C478DD7A3A27A7022ADB1AA8DBE0D"
"tests\functional\strategies\asset_allocation\test_0014_anti_fragile_portfolio.py","C1D5D1F12AF9D94748CEC522AFDA3E8F996EAB40FDDEE67E1B58CA5010F1606D"
"tests\functional\strategies\asset_allocation\test_0015_herc_portfolio.py","D2E5F5A25146AA99C997D1F10D48C4A32FDFA907BB4B7ADD667C82B4112C5B3D"
"tests\functional\strategies\asset_allocation\test_0016_open_to_open_taa.py","0DD2BE5034EB8FEBA0C3C795B997133BF1186A22F921B8559C15A111C3C232BE"
"tests\functional\strategies\asset_allocation\test_0017_cppi_portfolio_insurance.py","6FBE736D5F71AD7C10213177AE4BABF14760A9CE59F3701CA8678E69BA2B950C"
"tests\functional\strategies\asset_allocation\test_0018_optimal_gold_allocation_strategy.py","E1C0EFE00C75B97B1E25AFFCA1A20707F8143266CC403BCF525115FD6238CAEE"
"tests\functional\strategies\asset_allocation\test_0019_crypto_optimal_allocation_strategy.py","56537411B31E68E990AA7993CB61A17FFC99928D07EAD5A56DE9944FA0A499E9"
"tests\functional\strategies\asset_allocation\test_0020_volatility_based_allocation_strategy.py","7A67E84D90AB15E4A4241F3AAD41D0BC409E56E1AA83B7E90EE2E5ACFB9B9EE9"
"tests\functional\strategies\asset_allocation\test_0021_equity_bond_allocation_strategy.py","21F6290375FED28B4DD3AFFC5FB849A0A31A2B1CEC0E3935235283D03D5CEE2A"
"tests\functional\strategies\asset_allocation\test_0022_adaptive_asset_allocation_strategy.py","B287D67E711AA57A6FB1425B3A47FE394344EDC0DDC9C12B87293BC86647C748"
"tests\functional\strategies\asset_allocation\test_0023_tactical_asset_allocation.py","029C276AC04443384E52D292B9E784E07703D3172CC3176B262743636916DB4F"
"tests\functional\strategies\breakout\__init__.py","37F19617709181DA91D864E4CC42B97DFC2971922C7A994261DF9D3EBEE7240D"
"tests\functional\strategies\breakout\test_09_dual_thrust_strategy.py","16CE7FF3117681B69FE79B32D74026E0146196695D3426523014070720AE9129"
"tests\functional\strategies\breakout\test_10_r_breaker_strategy.py","D6DAD49006A1078747CB4A83C7EB71B6CD0DEEC1CDBC1ACF65C53933165CE0A9"
"tests\functional\strategies\breakout\test_105_donchian_channel_strategy.py","E802E4F8B9AD46C9F190EE54AD961BE16F823786578C94DFA47C02E07BEF2312"
"tests\functional\strategies\breakout\test_115_volume_breakout_strategy.py","8116572F2D7268632023A28199614B382400BBEC470352C5460B0D38224ED53F"
"tests\functional\strategies\breakout\test_117_price_channel_strategy.py","ACB34CEF898F24BE44B23D3F006981D4138C3FC2D4390A5E98442B0824110982"
"tests\functional\strategies\breakout\test_66_donchian_channel_strategy.py","4C9B51320C0A55A361074E47072B973370B5A79A99A29B8B7285AB6F7D6F028F"
"tests\functional\strategies\calendar_effects\test_0001_0005_gold_calendar_effect.py","929D405E30FA845FADC2D942A2876A1724236C3A2E8090C6E6C0BD9628A8B1D8"
"tests\functional\strategies\calendar_effects\test_0002_0007_gold_turn_of_month.py","D8ED40CFC2471B12559E4B7BE84790C70DE36012A30214A039F04AA1793B2B6D"
"tests\functional\strategies\calendar_effects\test_0003_0017_gold_seasonality.py","322E8B847797D1424AB3CB04287495620C281EECBBE4B66CBD2D42B0665F2E72"
"tests\functional\strategies\calendar_effects\test_0004_0027_gold_turn_of_month.py","B87CA75A763630173674984C00A87A90097935BB6219DFE1659D42B4FE982AD2"
"tests\functional\strategies\calendar_effects\test_0005_0039_gold_seasonal_windows.py","8FF4B7CC827DE01F2FFA71DAB7B48AC442F1F440AE467CF597C8262A6F8AF8C1"
"tests\functional\strategies\calendar_effects\test_0006_0043_gold_seasonality_rotation.py","2567FECBEFE52DF7CF1ACF0D9EC1D6EFDC655FA8B0A11284E4DDDB456C769331"
"tests\functional\strategies\calendar_effects\test_0007_0097_gold_end_of_month_seasonality.py","D788B61453BA8C2FCC7802243614BA6082D87414884537621A7EE5C013224F73"
"tests\functional\strategies\calendar_effects\test_0008_0103_sell_in_may.py","5EEF029289022089F6C6ED61C5D2C2BDEC365BE55C201AEFCD78FA89B01931F6"
"tests\functional\strategies\calendar_effects\test_0009_0256_thanksgiving_seasonality.py","F0F41C9A53B67BC3763BA839BC7FAA512096A2AF91CC7A865899C3906ACA3D7B"
"tests\functional\strategies\calendar_effects\test_0010_0258_december_opex_seasonality.py","ADD0C55171E763A50FADE73F2EC076FA85C8C09CD940B00D876318FC317A6853"
"tests\functional\strategies\calendar_effects\test_0011_0266_quad_witching_seasonal_strategy.py","7F79A24FD01CEEEF6994370A4E7EA0A9F3687D09546214683B3BAA8FE52821D9"
"tests\functional\strategies\calendar_effects\test_0012_0275_seasonal_flip.py","5E331DF93233CD7894816E89AD4E9719D56C72C612EB9629E33CF98F3084A72A"
"tests\functional\strategies\calendar_effects\test_0013_0281_composite_seasonal_strategy.py","0765A2E8069AE61F243DAABF010664F88C064B2496F0FBE7A63CCAE0EDD29E5B"
"tests\functional\strategies\calendar_effects\test_0014_0364_bitcoin_seasonal_anomalies_strategy.py","2C8887AA08E7B94D8B2E82FC55F913D2CDF59FC0AE6FC4944767DE36BDA78C5A"
"tests\functional\strategies\calendar_effects\test_0015_0366_sell_in_may_strategy.py","0DB0CD0126D30968CECD5BA72B023138588B2470638840933361E12E92371FCA"
"tests\functional\strategies\calendar_effects\test_0016_0387_bitcoin_seasonality_strategy.py","91748A3A4F0130EE04D6A5B9007992C92E58AF7D92FF4CC8CE5FB38E051A113A"
"tests\functional\strategies\calendar_effects\test_0017_0401_seasonal_sell_august_strategy.py","2B5DB4030F242B4BEF0F20DA260E1A7A3249F02B57D54C2865BB68ABE93697E0"
"tests\functional\strategies\calendar_effects\test_0018_0402_seasonal_trading_strategy.py","985C266757072076D13830382D424FD3103E0D92A8A00D601B3A8EBBA533EDB2"
"tests\functional\strategies\calendar_effects\test_0019_0406_commodity_seasonality_front_running_strategy.py","F167D863C100F991B43DFBC8E1944F7F0FD6B9BAB7D37B5AFC8AB8635631C16A"
"tests\functional\strategies\calendar_effects\test_0020_0407_turn_of_month_strategy.py","A9F5662EDA4BF8C2F1111901308CC93B234E6C9643A864ED1244401D3B5A346F"
"tests\functional\strategies\calendar_effects\test_0021_0412_cultural_calendar_gold_strategy.py","1777BDCA2FC24F95D0BBA269E21FAC3E981EB867B0E9C255AEBBEAE9E149197F"
"tests\functional\strategies\calendar_effects\test_0022_0016_gold_fomc_effect.py","1568369FE306D8F02E18FE7AF7DE6F1FC9017A1A06E5DE5488C7077EB16A4458"
"tests\functional\strategies\calendar_effects\test_0023_0079_rate_hike_cycle_gold.py","B2BB5A70BF23FDF49C77F102D5B824634FD7F7C290B01959BA0C7F7A9B7CE7EC"
"tests\functional\strategies\calendar_effects\test_0024_0276_jobs_report_new_high_strategy.py","E6D755459607EACE213FC89CA8975A3183CF78B14C970B9F9D88EE4ED529B2FA"
"tests\functional\strategies\calendar_effects\test_0025_0282_avoid_earnings_strategy.py","4AF401D2C815E1761B359BA36CDF83FCC32E4D687BB6ACA9A25FE3156E46A0FC"
"tests\functional\strategies\calendar_effects\test_0026_0306_pre_election_drift.py","B8459E401DD0465E3EA7E350FB02A8FCC4EB98109C2B0C2D327D96D2BD86C845"
"tests\functional\strategies\calendar_effects\test_0027_0397_fx_news_trading_strategy.py","008E023036231BA0F77459E0FA888C33F3B95CDBCD631B16CA7DF095B9D961A2"
"tests\functional\strategies\calendar_effects\test_0028_expert_news.py","5C6D93993537F3DBD147A1FDE42993502B7E537E05FBA8D579FEAA0AB4915CCA"
"tests\functional\strategies\carry_trading\test_0001_0031_gold_rate_carry.py","E16FB843297A19D51AAC1396D989D149040B73AB63DF542D50298F8FFAE493AD"
"tests\functional\strategies\carry_trading\test_0002_0050_gold_relative_value.py","D5EDB68503D8C40C72162808ECDC5A0FAF5464E80D481ABCF28EF7AACC8C73E5"
"tests\functional\strategies\carry_trading\test_0003_0393_carry_trading_strategy.py","E763582B7104ADDEC7847A2BD8B5E889DC47125F152B4D9BAC69BCBBCDE8A302"
"tests\functional\strategies\carry_trading\test_0004_0394_commodity_carry_strategy.py","E165DA850D03DDFBB149B90B4E41A3353E3D99D3A1FACCFC89914A25B74BE1A6"
"tests\functional\strategies\commodity_currency\__init__.py","9DF5644FB9B000BB5AED5C1C5C9717E6227332A1B2198592B906131A5DC3B53C"
"tests\functional\strategies\commodity_currency\test_0001_gold_change_point_trading.py","DB9B36B7FA9E47D8EA920AC0CE4D93D5DFE6FDAACF534B08ABAE183C5C8C6884"
"tests\functional\strategies\commodity_currency\test_0002_gold_walk_forward.py","755A6828F7983E35C578437EA50724267BBF1676BA9BF7097511677107A935C9"
"tests\functional\strategies\commodity_currency\test_0003_gold_factor_timing.py","83022BB63250FE1556C35E517EA1124D7D654CD4D8E4339B75CB0F19911893E3"
"tests\functional\strategies\commodity_currency\test_0004_gold_cot.py","9B8757100B315A0E45FDEB2B7D9CE70DD3E72C04BBF8EB1F87D1DABDE7537170"
"tests\functional\strategies\commodity_currency\test_0005_gold_currency_prediction.py","FB69CD902FDFB8F08F44CFE2E6CF009027C84F727F1FA072947AAD93577254BB"
"tests\functional\strategies\commodity_currency\test_0006_gold_commodity_trend.py","6BB15022BD96042670CA915A6901A6E8DA52E909DBD8A77E6E3F97575216BFF0"
"tests\functional\strategies\commodity_currency\test_0007_gold_quantpedia_strategies.py","A3977447B792B358DEC5070B8A92F1909257CEC9294DAB1B336F057808027FFD"
"tests\functional\strategies\commodity_currency\test_0008_gold_strategy_lifecycle.py","AAA1AB7515B27E6976B7846BA3D056F9751798A7196B6F40424394B2B7403942"
"tests\functional\strategies\commodity_currency\test_0009_gold_ranking_system.py","1111F7EBE037A3664A24611AEE5C7D3F2D6E05C3B32038505B79B4A1E96EB607"
"tests\functional\strategies\commodity_currency\test_0010_gold_real_rate_signal.py","727AC5FBFF0733BF93B63D63A9D299BA15BC761277F4CEB65ECFBC096E454C6E"
"tests\functional\strategies\commodity_currency\test_0011_djia_gold_ratio_strategy.py","701552B5E8CAB1F3DB08D4E478F09CFEBA4B920EE47D9C98023CF24F9E0F9298"
"tests\functional\strategies\commodity_currency\test_0012_gdx_overnight_session_strategy.py","952B095C7C128AEDAC813566641C14853F9981DC7D2649B1259331358D8C4A49"
"tests\functional\strategies\commodity_currency\test_0013_arima_garch_gold_strategy.py","80112A0869A5ED6D49C3E8180EB936092E1062848CE0B1C14BB6B6FA7BDC94F4"
"tests\functional\strategies\commodity_currency\test_0014_gold_market_timing.py","B89830B315B1A793344866CBAC0366293A639B6B927F9B49566ABCBF167A44FF"
"tests\functional\strategies\commodity_currency\test_0015_commodity_skewness_strategy.py","A3E320DE4713B0628FBF297BBE493C17D90C5F613A3E1932572FE157FFF556E9"
"tests\functional\strategies\commodity_currency\test_0016_macro_fx_strategy.py","8BA3CED366B08DE381A09FC9280AB9E1B366199601CFEEA6B62E3A68D3586B66"
"tests\functional\strategies\commodity_currency\test_0017_metal_inventory_strategy.py","B94E5AE05CD6B97BDC8A026060F3BA51B45E1A033BC8EBC8EB2B733068B49355"
"tests\functional\strategies\commodity_currency\test_0018_fx_regression_learning_strategy.py","78094393236F60D987130162749AD22682BB0333BCCBE5BB459146DE6BF415DD"
"tests\functional\strategies\commodity_currency\test_0019_0019_ka_gold_bot_mt5.py","DE1F8FC274553D5675A7BD49D09A2B48BBA7AE49774BB6B6DD405A69956ADC1B"
"tests\functional\strategies\commodity_currency\test_0020_0698_silvertrend_v3.py","7BBE57C2A64449AEC42F94E64D4B8CA81AC870D19BD5FC574A0DF30AF5E0F1B7"
"tests\functional\strategies\commodity_currency\test_0021_0910_silvertrend.py","C584A1AEFD32A049FD2EFBBC7074C692A6AC78653FCB04D44BB4FFE277F58172"
"tests\functional\strategies\forecasting\__init__.py","424CE48AF394A2C27309BF146F1162144D20377BEED3608EB58BA65D3D59DF51"
"tests\functional\strategies\forecasting\test_0001_arima_time_series_forecast.py","7378EF2DD475FA3125E066241E9AFBFBFB9782497FD37746F7E3E6CFAE5463C7"
"tests\functional\strategies\forecasting\test_0002_1003_forecastoscilator.py","38754073F6C6EEABCEB9F07A34B4E84A5FA567BD61A7104AA8DF9350D1060FFE"
"tests\functional\strategies\forecasting\test_0003_1010_ema_prediction.py","6457558F4D2C7B6446BB9D05B6F3DA793C7DF72F466F93D6787FC7DE83A0CB48"
"tests\functional\strategies\grid_trading\__init__.py","599B5CC9DB583D86CBB9F78758FFA00AEB40E0224851CAEF4DCBF4790241B9F1"
"tests\functional\strategies\grid_trading\test_0001_moneyrain.py","C08E4EBB0AF268CB625FFE20398192DEBA4D194532267D5D41E17B0A800BA3E3"
"tests\functional\strategies\grid_trading\test_0002_very_blonde_system.py","E368B63FCD82B2060D06830FC4C7FB347FAB6A43A59AA54D91F7862B1D92C68C"
"tests\functional\strategies\grid_trading\test_0003_frank_ud.py","9142E672CDAD7181782167B0FFD75E1C983FF23348A0157A3F0B79311AF85F4F"
"tests\functional\strategies\grid_trading\test_0004_vr_setka_3.py","288B7A0EFC55E34604EB3C1FAD2D31A54DE74FCDEDBA61F5E4766A1CE42E18F7"
"tests\functional\strategies\grid_trading\test_0005_loco.py","4516F3A57778D5CF57F1E833E61B6F2B49967B567070F602FA56DCDFE991AA4C"
"tests\functional\strategies\grid_trading\test_0006_0463_rndtrade.py","9E006FA290BA3ADD8917BA2D69F6FBD773E3EE1E4FCBAFB4241BEBAA79B2B4A3"
"tests\functional\strategies\grid_trading\test_0007_0555_new_random.py","DD7F4F8758C1FA3FF91840896ED2B6BBE8DAF40E0EF4399DDCADADB45ED9D57F"
"tests\functional\strategies\grid_trading\test_0008_1196_random_robot.py","B0EF5A7A9D75CB1B2681ADE2AD998B6419AEBE9D2257490BFB20E522D6AD65D8"
"tests\functional\strategies\grid_trading\test_0009_1198_martgreg.py","01D836470FB5DEA36D0DDC0E7DE2ABC5055FC9DEB160FD521FC78623667C7497"
"tests\functional\strategies\machine_learning\__init__.py","2218FFD4DE408BAF3D1839F0CF767EC6ED4698A56596FEF9CFB5EC91F82C1181"
"tests\functional\strategies\machine_learning\test_0001_candlestick_kmeans_classification_gold.py","E6CEA2A645512E2433662131B3B156FDC459AEEA381396D6B67E640B8D20FEF9"
"tests\functional\strategies\machine_learning\test_0002_extreme_short_term_gain.py","B82D762ECEB7C812B138EAAEDD2470C293572A3B04BFE578B554E85BD72639B0"
"tests\functional\strategies\machine_learning\test_0003_gold_ml_prediction.py","7FE1938250D673C3A04EF5F3B354EC091CAEDE1697C3F318F64F4656CACCE0FE"
"tests\functional\strategies\machine_learning\test_0004_reinforcement_learning.py","84A472F909E2E415325389D2B04521DB62157EC0DD2D535E9AADCDE49E7E3B8A"
"tests\functional\strategies\machine_learning\test_0005_random_forest_financial_ratios_strategy.py","53F1E87D13E3AE765E880A1C8363CDF9A02610C8C20FF3C713BD2AC5081B6E88"
"tests\functional\strategies\machine_learning\test_0006_sentiment_signal_strategy.py","EE193F9FB8E0786E0B77FEFA2808B91F2FB355C95F3764007927A1B1BD3F5885"
"tests\functional\strategies\machine_learning\test_0007_0007_heads_or_tails.py","14DE15CFA7F783E7C7FBEE6F10A7309345757529CFBBB083E0BBFDB7EAC2039E"
"tests\functional\strategies\machine_learning\test_0008_0187_rnn.py","AF630B9C9EE32180507E15209AE96F76BD423E5BCED8A3205BA05C828DA302C8"
"tests\functional\strategies\machine_learning\test_0009_0238_exp_skyscraper_fix_coloraml_mmrec.py","EF12E6DFCC4B5B4FFA30646DE369E65F48D8E95EB35764A18DDB69012554BBC8"
"tests\functional\strategies\machine_learning\test_0010_0240_exp_skyscraper_fix_coloraml_x2macandle_mmrec.py","16E5CACDF0880E6A89E96D397EC96743B2B0A3470FAF4D3820CA37AE9CC8D648"
"tests\functional\strategies\machine_learning\test_0011_0384_ais2_trading_robot.py","9F67BFEF496896BB72D773E8B7CA2A00C63EA8614C5AEDC93D4A042DA70FA858"
"tests\functional\strategies\machine_learning\test_0012_0429_donchain_counter.py","82356C32530A2654EDCE12573BC283EEAA32E134CF67C52B32E5C99A313A17D4"
"tests\functional\strategies\machine_learning\test_0013_0514_daily_breakpoint.py","1CABCC47561EE0F018C44E4215FB19A8E7B7172EB7E3CA951ABBD7E15D265096"
"tests\functional\strategies\machine_learning\test_0014_0688_fuzzy_logic.py","6E3FCF11B4310391B77708E226B9010549EF5F8B21EE566CEDF74A3EDB7C05C8"
"tests\functional\strategies\machine_learning\test_0015_0715_mtc_neural_network_plus_macd.py","2ABA9E14F26E3666DB043DF4C5C9FEE8574E9251DAABCF59379346418CA275BB"
"tests\functional\strategies\machine_learning\test_0016_0726_zerolagea_aip_v0_0_4.py","079FC3204D9DE6116DC4CB21C16E8653685EEB1ACAD5EBC399028490D77856FB"
"tests\functional\strategies\machine_learning\test_0017_0797_artificial_intelligence.py","4F1F30DBBF90B49C8C21021183468077E7EC8186BD46BC3E0CE9D5657D11D14C"
"tests\functional\strategies\machine_learning\test_0018_1086_cronex_chaikin.py","6647E87B779BA8E492D9F072026CDD19C7D6E0ACB36A0038E88F50BF5AB6E1D7"
"tests\functional\strategies\machine_learning\test_0019_1154_artificial_intelligence.py","73232FB8C49B2C8E3D7D10253A244EC54652E9A330679DBBB5FA3A945A8677EB"
"tests\functional\strategies\machine_learning\test_0020_1225_aml.py","E35E738481CDAF7246FA215535A4D53F2C97A64866F8EE149B4BA9A9AF4B0D73"
"tests\functional\strategies\machine_learning\test_0021_1293_jbrainsig1_ultra_rsi.py","273F9ED7834391903692C98507F5D7AB036D58C6192A7227202407AABA868F92"
"tests\functional\strategies\mean_reversion\__init__.py","FFD3E36BC6EA7D4A500164FF65E8C9BF596284ABC4830B446023B0DBB001D49E"
"tests\functional\strategies\mean_reversion\backtest_result.json","85EA32F4650293E63EE47AD09760B1A6D29062E894BDC7B0B218EAB4609A9E6F"
"tests\functional\strategies\mean_reversion\test_0001_gold_momentum_mean_reversion.py","33C8E0A54D23A23A36659FCED2A6AC5E64416465DFAE3C088A88E7B52CDE3FBA"
"tests\functional\strategies\mean_reversion\test_0002_double_7s_mean_reversion.py","4BF65FDBB9F970F642B334C563283D0ACD5BCD7DCB2658E047BF854926889BC6"
"tests\functional\strategies\mean_reversion\test_0003_gold_event_momentum_reversal.py","9A8770BB911FE76154AB312E42F8F498D7CBBA5C668421E5AE0E8261C4C3BD00"
"tests\functional\strategies\mean_reversion\test_0004_rsi2_mean_reversion.py","60570E46A8C62F420E37BE8B9350FEC0D991BD6C3D40A39A8AF12D8CE36E48AE"
"tests\functional\strategies\mean_reversion\test_0005_holiday_reversal.py","5815E4A2791A5303D09AA10365ED354535F00046BB9311A79242AE29A5E6E731"
"tests\functional\strategies\mean_reversion\test_0006_gold_event_momentum_reversal.py","0AA6ED849774E1F51E808158BDCB74C09D9B9CDE927F7F47D32515D2661A3570"
"tests\functional\strategies\mean_reversion\test_0007_gold_market_reversal.py","AA54B59A7983AFE28B61D85F2DCE176CB593EC6585C19F75D987BE8FD23A622C"
"tests\functional\strategies\mean_reversion\test_0008_consecutive_down_days.py","0973576939F426D581321983ECAB8BA116C9908447EA7C81AA64E4338A333966"
"tests\functional\strategies\mean_reversion\test_0009_cointegration_mean_reversion_gold.py","7B89B57840A6FC2E0DA66729563F30907B798D4C4251B2BA3B26D528B3988F90"
"tests\functional\strategies\mean_reversion\test_0010_double_n_gold.py","2199430541FFD68B25C2F7B06B82739308A46BE152A80C12B042D3C242A19BFF"
"tests\functional\strategies\mean_reversion\test_0011_mean_reversion_stops_scale.py","526F938752021D7F287FAF653816886A8A5F9C8B8947265CC7A6BB6D242DA2BF"
"tests\functional\strategies\mean_reversion\test_0012_mean_reversion_momentum_vol.py","471DFB916167D531822EA03D2D65F0445B97571B53BEF99BF73A0BA304A8F119"
"tests\functional\strategies\mean_reversion\test_0013_commodity_mean_reversion.py","7814110B06CB089AD36E7FF221011E580CC5F90D63F940D4611EB4355DE9286C"
"tests\functional\strategies\mean_reversion\test_0014_gold_intraday_reversal.py","4982CC8531BCB77A7F281B999F762D0A49009DFB059C606FEB21453591581DF9"
"tests\functional\strategies\mean_reversion\test_0015_simple_connorsrsi_sp500.py","5355DAFD462091FFBAF5D731623A29F149A9B0D6ABCF06A19A53D683AF0A28F8"
"tests\functional\strategies\mean_reversion\test_0016_intraday_mean_reversion.py","97114523CFF03AB92D4852FE9383416D1323BA387BC0689318A63884621C5658"
"tests\functional\strategies\mean_reversion\test_0017_roc_mean_reversion.py","434EE71C0349A7C1BBE2EBD521D8646C8581802A6524EE8AB53703180D1420CE"
"tests\functional\strategies\mean_reversion\test_0018_n_day_exits.py","8E066889CD3B08AC7D27641FD4E7E55B1980478004FE6D4CCA981738964C5B88"
"tests\functional\strategies\mean_reversion\test_0019_volatility_mean_reversion.py","AE57F9E42529471236C38C677418A6E133368EBB9CD365F3C7AC223B72A1A85A"
"tests\functional\strategies\mean_reversion\test_0020_connorsrsi_mean_reversion.py","83782C8690E8E68BBDB22AA81C403137CD161C9C15CBDE236700DE434B627230"
"tests\functional\strategies\mean_reversion\test_0021_connorsrsi_optimization_selection.py","4924D0DFB7D43739C231966EE3E385ED27F946D2495CC25732B0B22F3DF8C196"
"tests\functional\strategies\mean_reversion\test_0022_dynamic_momentum_contrarian.py","DA5E03215DCD007918848E9D6CCA2E29030A5CCCE2750E57C7B1F2657C2ADA5A"
"tests\functional\strategies\mean_reversion\test_0023_connorsrsi_sensitivity_analysis.py","E00C5667B5F4379EC012540DE7AF07863FB944550EDC803E73FB9606E1A2ED34"
"tests\functional\strategies\mean_reversion\test_0024_mean_reversion_guide.py","BA250DFC44ED40413EC02BF4CEE4459E5B715F666BD1F1AF235C08F2EAC3032B"
"tests\functional\strategies\mean_reversion\test_0025_weekly_mean_reversion_rotation.py","298CAABCD03BEF3F70A8109D1C3C46733961CEE5BDBFDF278877FA327DF68B3F"
"tests\functional\strategies\mean_reversion\test_0026_index_mean_reversion.py","2956CC810C51707F200E8E2CA0CB55F9DF8701026DAE877E02B8641A80160A6B"
"tests\functional\strategies\mean_reversion\test_0027_mean_reversion_across_markets.py","FD9695DEB1F51A69FB001E7780CF8C36365539BC17F5940F5545BC13F4429829"
"tests\functional\strategies\mean_reversion\test_0028_rsi_oversold_reversal.py","B5094D87C74B2C64170521978834654452EE2663945A80137650CFEE35C2C920"
"tests\functional\strategies\mean_reversion\test_0029_consecutive_low_rsi.py","47A91BEDD8964FE4B6F73A4A361B28264FF54E2EE848739DA6427D5AE1F94707"
"tests\functional\strategies\mean_reversion\test_0030_rsi_mean_reversion.py","C478170CE11F8C3C986842C83E920068FEFD0056EE84DD6489826A99FCA1FDBD"
"tests\functional\strategies\mean_reversion\test_0031_simple_mean_reversion.py","2BABF56D242A1CD58D4B4EFEA220A38B1CBC6704DC8072FF5473CDC107129916"
"tests\functional\strategies\mean_reversion\test_0032_online_mean_reversion.py","0EBF31D0B224AAF19D869577C90138A61CF0D82981A9BFE2DAF2B05639573421"
"tests\functional\strategies\mean_reversion\test_0033_mean_reversion.py","462869B21CE8691433165935DC744837B8C558CC66CD370AF88B3A2D2B5CD722"
"tests\functional\strategies\mean_reversion\test_0034_weekly_reversal.py","945ABE4B1DA61FB8192D65B61903B1779ED93052725F39899EAEDA8C3170C0E9"
"tests\functional\strategies\mean_reversion\test_0035_candlestick_mean_reversion.py","3F3CA2DB636C89AEB56859FCC14FCA98FF89E10804DB970346B64921EE4C186E"
"tests\functional\strategies\mean_reversion\test_0036_sparse_mean_reversion_portfolio.py","E66F5E2D2A81E358280BB626A02D0ACD743EC94E37BF1690187D69BDB426DFE2"
"tests\functional\strategies\mean_reversion\test_0037_min_profit_mean_reversion.py","8A64ACF9E611BA05E4CC48B0F0B46AF36AD55B0EE879B28AE0C0E79C60F1AF64"
"tests\functional\strategies\mean_reversion\test_0038_mean_reversion_entry.py","8420AE7ADC63E27877B2E03CBE518CB632172B3D6CF0D47158CD87382BCCC423"
"tests\functional\strategies\mean_reversion\test_0039_bitcoin_trend_mean_reversion_strategy.py","766D74C0A2784E116D72263ED4AC5FA4081A99614207A485C08A4EB747CA3DEC"
"tests\functional\strategies\mean_reversion\test_0040_mean_reversion_check.py","331D897934F6877B6F159AB35E03009ED36DB3C475E738B8E36856D29F47747A"
"tests\functional\strategies\mean_reversion\test_0041_efficiency_ratio_mean_reversion.py","7B2C7D203B6A6F09EBD6E4CD0CF40925A6CCB20A1D56DB8FD12526201C87BAEE"
"tests\functional\strategies\mean_reversion\test_0042_0046_the_rsi_engine.py","F4B7EF6B4D9A417BE8737D39802700B74B81F3E01754D5ED41AD5B180F1D7760"
"tests\functional\strategies\mean_reversion\test_0043_0060_stoch_cross_ea_h1.py","15D79577D44A42A9F0F5884A7EF5CC7BA014CB729E69745468419C439F38CCBF"
"tests\functional\strategies\mean_reversion\test_0044_0106_mean_reversion.py","DAE17E7B8A03186CECCEB15C19505EE174F029C54BC165FCD472D6D4DF7BC4F7"
"tests\functional\strategies\mean_reversion\test_0045_0108_icho_trend_ccidualonma_filter.py","89449128F6E1C55B09BA8DC0B0E4993DC144F32FB9D97E5DC77ABB00ABEC9B4C"
"tests\functional\strategies\mean_reversion\test_0046_0110_ma_trend_2.py","731AF04DA32A5FF909B0D85379EBF36A3F11E961644C82B28811770AF22C2AC2"
"tests\functional\strategies\mean_reversion\test_0047_0132_exp_spearmanrankcorrelation_histogram.py","D93EFA4D381C3820CD68A6335A26597B3707BA8AC46A14E6FE2CEA07A3E3BEA1"
"tests\functional\strategies\mean_reversion\test_0048_0154_exp_finetuningmacandle.py","92C89C2BA1014A2835E99EF6166E9FBC3BF9CF5B6957382645DA8907F202CF41"
"tests\functional\strategies\mean_reversion\test_0049_0166_nrtr_revers.py","DE61E0DA90392C4F401FA01E64C42CE2DD93B82B886C939928947C9A3F11F2C2"
"tests\functional\strategies\mean_reversion\test_0050_0167_extreme_ea.py","B5D204CD3C45B35F8D688E9F725C0AE764DF226F50FB8B5A4AB2F0E2C2A9EF11"
"tests\functional\strategies\mean_reversion\test_0051_0171_rsi_rftl_ea.py","DCE98BA6F59404979F62D5080A7029024A3C7AFC0FA9119973D7AD918E45D865"
"tests\functional\strategies\mean_reversion\test_0052_0172_exp_timezonepivotsopensystem.py","81282A4A41E54D6F10BA0AA0CEC02789178EFB597970B30AB32D81C09FE3F8E7"
"tests\functional\strategies\mean_reversion\test_0053_0176_exp_hans_indicator_cloud_system.py","8F9EA39C0603609C7212F3742AA5D693B6D1C1C006B8B5D195162BBBDE55240B"
"tests\functional\strategies\mean_reversion\test_0054_0177_exp_hans_indicator_cloud_system_tm_plus.py","35FC7EBD145EC5AF7E42EA0F8E798B1961ABA5EE427B36B5849B578F7935E74D"
"tests\functional\strategies\mean_reversion\test_0055_0178_exp_timezonepivotsopensystem_tm_plus.py","3ADAD62CA014E57BB815F7849FA90FC88BE8565687C4EFD99C1F4818AC7A6C4F"
"tests\functional\strategies\mean_reversion\test_0056_0181_exp_vortexindicator_duplex.py","AFE1962A54E14A346D7F649575A4397A35E55A3624B4061B369AC6A8FA1ADAC9"
"tests\functional\strategies\mean_reversion\test_0057_0182_exp_colormetro_duplex.py","CFFA9DF1D72823F0118B056D4ABB02C985806F60C2333E4D5D6B7158C89DE0BB"
"tests\functional\strategies\mean_reversion\test_0058_0183_exp_colormarsi_trigger_duplex.py","CC80E88157BBE5ADBD7098230EB989444D4F997698AF31198686B8EDF20A5C5D"
"tests\functional\strategies\mean_reversion\test_0059_0184_exp_adaptiverenko_duplex.py","0DDFB8EDC18EE6D07706FA3808894A1DF6534036BA97BE83037615DE97B753E4"
"tests\functional\strategies\mean_reversion\test_0060_0190_xbullsbearseyes_vol.py","379A5978C3703EC826EE6A8E46C8E2870580BED4B708CE7BA93A514306E239F6"
"tests\functional\strategies\mean_reversion\test_0061_0191_xbullsbearseyes_vol_direct.py","3D6F76E7B4E25BCA46ECED493000CBE4045E41C74B6D32693740D4D317E1B6C1"
"tests\functional\strategies\mean_reversion\test_0062_0194_starter.py","AA229C6C4C2A7293DB809195AD9ED32D5C2AAB1BA2F283D7B9FD888B93BCB6E0"
"tests\functional\strategies\mean_reversion\test_0063_0197_exp_finetuningmacandle_duplex.py","E7E823FA80C9ECA2DD176159D818DC4E73F73AD114DA1A65F9C090C8CA562016"
"tests\functional\strategies\mean_reversion\test_0064_0229_exp_xdemarker_histogram_vol_direct.py","6848C354221954945688616197E07A7E5F2C6BC9C53BCEBAE574044A2A2FD852"
"tests\functional\strategies\mean_reversion\test_0065_0231_ohlc_stochastic.py","6FB2D84E93C4244FEA9143E5EA6CB466CA55A75B4770A9F5F1736970421E3685"
"tests\functional\strategies\mean_reversion\test_0066_0232_exp_skyscraper_fix_duplex.py","3BE770F3B33E1E21FEACCD1DBFD620AA3ED5274C6E10CDE3EAC07AEB6FB70D81"
"tests\functional\strategies\mean_reversion\test_0067_0233_exp_jfatlcandle_mmrec.py","17609A322E439A74D74ADC6B9DC8D3BE0C49CBD0FED32B58A49D4EF19A15FE74"
"tests\functional\strategies\mean_reversion\test_0068_0234_exp_x2macandle_mmrec.py","6C3DF8264D87CC08ED3F8A743603E2B209651196CD3A629CB3CCBF75D1A1E36C"
"tests\functional\strategies\mean_reversion\test_0069_0236_exp_skyscraper_fix_coloraml.py","8E2C3A51A0FF41E13AA87FF34295EA314B8C7E881D78BE47535553573E84F24B"
"tests\functional\strategies\mean_reversion\test_0070_0241_exp_braintrend2_absolutelynolaglwma_x2macandle_mmrec.py","0A599E932F03C0D7B285C39D5FF62F54C93E1DA241CDB88B87A23317D910396A"
"tests\functional\strategies\mean_reversion\test_0071_0242_autotrader_momentum.py","C724DAF3D106ADCCD29BFDA664D81D08A0C53CA73879FE3BBECFB99C8FBC4BE8"
"tests\functional\strategies\mean_reversion\test_0072_0243_exp_i_anyrangecldtail_system_tm_plus.py","71F55389FC6A8C29DD9A7EAF3F9B7001A04D0A3DE7EBD8A8DC3FB3479AAFC0E3"
"tests\functional\strategies\mean_reversion\test_0073_0245_exp_iin_ma_signal.py","5D783BE532B3AA1D78CFE466023E239B5218BCFA80BA09D3D6D5C98F31AC85EB"
"tests\functional\strategies\mean_reversion\test_0074_0250_exp_xcci_histogram_vol.py","8E500EA0960B1455B3F11487B5D46454DA36DA2B9F51D88EE8EF76E70F6E7A8A"
"tests\functional\strategies\mean_reversion\test_0075_0251_exp_xrsi_histogram_vol.py","CBD888BD5E834F80D29765A7E717BCC285833EAC888020BA889AA5C4F75EBDB1"
"tests\functional\strategies\mean_reversion\test_0076_0253_vr_buch.py","B6F1E88D5FF96AA219F8019F11BCEF184B5B2D7DF6901DB9F10F7308AD4612A8"
"tests\functional\strategies\mean_reversion\test_0077_0254_exp_iin_ma_signal_mmrec.py","A2C3D7659CC47915137A0F68B133AF249B75086D2D9F15523C7CD93E6DB5F338"
"tests\functional\strategies\mean_reversion\test_0078_0256_basic_cci_rsi.py","2013B43FB8270106EB80E6BF07FDDF52BEF6A96F4B195F09DF740FA167D8B8C2"
"tests\functional\strategies\mean_reversion\test_0079_0257_exp_xrsi_histogram_vol_direct.py","497D3B55073AC77C2526C9598BE845C2A629D9EDAF4E54440DC3A835D59D2A59"
"tests\functional\strategies\mean_reversion\test_0080_0258_exp_xcci_histogram_vol_direct.py","63FC57E0B62568D590F58DF9B4435F715552C62ADBEA8C015F150B2FACDD3138"
"tests\functional\strategies\mean_reversion\test_0081_0260_exp_trendmanager_tm_plus.py","D8BBF69DC07A16DBCB6C28762CB8EDB37847880AB59D6188FEA8852A2947EA24"
"tests\functional\strategies\mean_reversion\test_0082_0262_breadandbutter2.py","3E7ABDB73D45680DEFF3C3F81162BC3106DB3E099E0D8CDB2F825108210F5DD6"
"tests\functional\strategies\mean_reversion\test_0083_0265_daydream.py","F2F0500CAD85242A1CD06FA4F7129CFBA3603E88CC84517356DCD697F8D9AC1A"
"tests\functional\strategies\mean_reversion\test_0084_0266_js_ma_sar_trades.py","996871D01B35D0B695E479F38287B332FFFDB98FF24DB35AE63A1150A8E533EA"
"tests\functional\strategies\mean_reversion\test_0085_0267_ft_cci.py","78A2314694A7500D1FE585EABBB7724DEB6F38F8504678F59F0EA899C3A4CEAF"
"tests\functional\strategies\mean_reversion\test_0086_0268_ascv.py","D396981D229EBD6F6E9B5E7B9CEFDB05B826D00E563BBEEFEA98D07AF556E51F"
"tests\functional\strategies\mean_reversion\test_0087_0271_sensitive.py","AAE302282A0003B725F94445F2BD9E51C94EC1E9535DB7F006FAFF02D4E1A67C"
"tests\functional\strategies\mean_reversion\test_0088_0273_1h_eur_usd.py","55047FB36395CC93D322BC6A37C228E8C388EE5A4E8DC481351014C963EB3478"
"tests\functional\strategies\mean_reversion\test_0089_0277_ohlc_check.py","3DE84A345EB9FB2B58EE6E94AABECBD211FDBB65BA90CE4B154DBBA18002B22F"
"tests\functional\strategies\mean_reversion\test_0090_0279_russian20_hp1.py","160229BD4949664DCF44055413CEBB53B267351B525B3CA4DA4310FED83ACE9E"
"tests\functional\strategies\mean_reversion\test_0091_0280_exp_trading_channel_index.py","1F682B9819DABF38FD0DD0EEFA2F4AFAA7B966F6ECAFF7AFB95341E222C95A20"
"tests\functional\strategies\mean_reversion\test_0092_0281_exp_trend_intensity_index.py","15CD82170DEF2A80A9DD823CBED29C5D3C4B3F9086C83FC2276CC2635B9F3631"
"tests\functional\strategies\mean_reversion\test_0093_0284_nextbar.py","C649D7ECD9C53D5CCAA623731FDF5978F5CE760B5E68A8CC05854D6DAD7732D0"
"tests\functional\strategies\mean_reversion\test_0094_0287_55_ma.py","F264832DF294C08FDD58349C159D242460DFD87D10A188F013660577F3BC7071"
"tests\functional\strategies\mean_reversion\test_0095_0288_above_below_ma.py","57C9F65377B8E1F1320861B9CEB988457AA042D8ACADE2410B1E77D6BD96C141"
"tests\functional\strategies\mean_reversion\test_0096_0291_forex_fraus_m1.py","104733EC340221DD57C3F83B387BDBAD852FA5DDAB588F74A4143F6471356F27"
"tests\functional\strategies\mean_reversion\test_0097_0293_gbp9am.py","40FF3FB4F3325CB8E031A1FDCEF424033F45B39B241A14C1ABA60FC476C3BFAE"
"tests\functional\strategies\mean_reversion\test_0098_0294_exp_dema_range_channel_tm_plus.py","81C961BBB7F1E4ABE17F543FCF89BEE5870AAEBA91594407F41D280B7CC1E004"
"tests\functional\strategies\mean_reversion\test_0099_0295_exp_rj_slidingrangerj_digit_system_tm_plus.py","F28343ACB7DD30CF68F6636BE6FDA7B51B40B7412E2CC7C134F7190FB0606217"
"tests\functional\strategies\mean_reversion\test_0100_0296_exp_candlestop_system_tm_plus.py","F8B45C33F7A248AB15F30E202EB01BEF28A4199332AA2EF519695192DD899E7F"
"tests\functional\strategies\mean_reversion\test_0101_0297_exp_absolutelynolaglwma_range_channel_tm_plus.py","1965D36B35B3C095E9B1638021D118EDBA89ACE6BBF9B720DFE634BBF323A2D3"
"tests\functional\strategies\mean_reversion\test_0102_0298_exp_xperiodcandlesystem_tm_plus.py","A32BE18C66744399BEC84B5CC9C4681C605C2422505B2B77569DA56356233C9E"
"tests\functional\strategies\mean_reversion\test_0103_0301_cci_and_martin.py","B1E155FC8003A95810B28F1CE1AC0818960168FF3A9844F76D07D0D2ABA7E61C"
"tests\functional\strategies\mean_reversion\test_0104_0302_one_ma_ea.py","80F4584A96EA4C098EAA69ED02CDECA9AA375AC5EE906F910309A8E88B4A683D"
"tests\functional\strategies\mean_reversion\test_0105_0320_gaps.py","4BA3DC4072BC7747CBA3DB2850FAB0B2408F485A89DD4F8D3A09C518CEE9B0B1"
"tests\functional\strategies\mean_reversion\test_0106_0327_cloud_trade_2.py","7C5E69AF5587CAB68395B2F3238A1A2E61D270FC45D07F0E227B26421EA9A509"
"tests\functional\strategies\mean_reversion\test_0107_0334_auto_adx.py","3B3B286356B07821D5331646B51D321879EAAF145A4781DB900A06D9BC57CD9C"
"tests\functional\strategies\mean_reversion\test_0108_0345_exp_caudatexperiodcandle_tm_plus.py","1A0F85191AE176DB7B09980143FE1525CA58A92DEAA60642839E5293B683557B"
"tests\functional\strategies\mean_reversion\test_0109_0346_exp_wami_cloud_x2.py","0718FF471BC4BDD06819855B9E51B9D1E5475AA0B8A4390F14E22A175F01D36D"
"tests\functional\strategies\mean_reversion\test_0110_0348_exp_colorxderivative.py","7825CEE7845BE4F536429142D9642660F3E9B8D22786C32B67788D4789429DCE"
"tests\functional\strategies\mean_reversion\test_0111_0350_exp_ultraabsolutelynolaglwma.py","514A6D30C2490A594A1AFB8437865891415394184FB68CF233F6A95220DFD8F6"
"tests\functional\strategies\mean_reversion\test_0112_0352_exp_blautvi_tm.py","BC6065E5A0E674548535B243C7A7C3B4FF5918E8D4075B4122F72E53E949B823"
"tests\functional\strategies\mean_reversion\test_0113_0353_exp_blauergodicmdi_tm.py","0F593FDDC8C53ECF707C065C1FBB07A5856C8FF946EE01C718F1FD27492DC8D6"
"tests\functional\strategies\mean_reversion\test_0114_0354_exp_colorx2ma_x2.py","3DAF5B608DC087831A325CC4CEB1A876F28C62E75EF46DC23A3A350EDC83AEB2"
"tests\functional\strategies\mean_reversion\test_0115_0355_renko_level_ea.py","32C7FFBB0BAC79BF77E48014725F0EB96162CB4FDE9700D01310933D9662FF69"
"tests\functional\strategies\mean_reversion\test_0116_0356_exp_absolutelynolaglwma_x2.py","D5132A471BFCC27585856BBDDC34499ABAAB30139FEEF13D514556B17ABB6BD0"
"tests\functional\strategies\mean_reversion\test_0117_0361_js_ma_day.py","5A298B8F00B7038E493D09CC333CA262D605A4697D34CBBF421836B86B78EEED"
"tests\functional\strategies\mean_reversion\test_0118_0364_exp_sinewave2_x2.py","EA1A06B0E4060BC4B0570B1B29901A696407135618BC7DB029F715FBA61863C8"
"tests\functional\strategies\mean_reversion\test_0119_0378_exp_atr_normalize_histogram.py","A39765FCE307363C0F7088D886DAA18E097D07987BAF8DF64A3610736ED09249"
"tests\functional\strategies\mean_reversion\test_0120_0387_exp_average_change_candle.py","1037A5EC712B98FB54AB53DD74BF51EE3DE9A2F78B8151D953218559F458ABE5"
"tests\functional\strategies\mean_reversion\test_0121_0388_exp_xrsidemarker_histogram.py","7254E94AC2D3023A4ECDBCA83BB957BC5394EE08171FA996D8B8F360973131FC"
"tests\functional\strategies\mean_reversion\test_0122_0389_exp_2xma_ichimoku_oscillator.py","A87646B5C2A538F52D56A4FA37156B812D015BAC17BA7795B3570C7740038A10"
"tests\functional\strategies\mean_reversion\test_0123_0397_spasm.py","54A1E41779147FB8A740F42F9B52B99EDB8A95A14452BE650918C9EBDE2075E1"
"tests\functional\strategies\mean_reversion\test_0124_0398_exp_kwan_rdp.py","C64BCA79C96543FB811DF549978BE9180E2BC5CD997358A74A3DB214D0A7546E"
"tests\functional\strategies\mean_reversion\test_0125_0399_exp_kwan_ccc.py","DB654B7D4E7E99B776F8C4E86ABFAC16BF302E968BC36BE2360D260FBC686C7E"
"tests\functional\strategies\mean_reversion\test_0126_0401_exp_kwan_nrp.py","006B4546036A0B4D1121FA9C0FB4BF32411AF1D730E35C5010874CDB9D0F3441"
"tests\functional\strategies\mean_reversion\test_0127_0406_exp_sar_tm_plus.py","DB925C2B70750A3D2C213BE0FAA3B82F7BFB84872DABEA8CFF3674B00130FDDA"
"tests\functional\strategies\mean_reversion\test_0128_0415_brandy.py","DB2989787DA04DF4EBC7BE2BC597B8C25B638046CAA5E08EED898EFF7F9384EE"
"tests\functional\strategies\mean_reversion\test_0129_0426_poker_show.py","ED976E54B4A69B11F683D78DE00655693767B4A6D114524244B251B617699409"
"tests\functional\strategies\mean_reversion\test_0130_0468_diff_tf_ma.py","288F31EF5B67CEAA2CA29DCC1832775E558AF013011303D03D23D4D561EF875A"
"tests\functional\strategies\mean_reversion\test_0131_0470_price_extreme_indicator.py","2F2A5A347DB9718D98BD9E386D272A0EF197568B015D1BDF93D0DD2E7633586B"
"tests\functional\strategies\mean_reversion\test_0132_0473_zigzagevgetrofi_ver_1.py","5BF8C2DCB89258B4C7110E03148F05063B2DE9E6C43EFA70E4928C125DE9C52D"
"tests\functional\strategies\mean_reversion\test_0133_0481_js_sistem_2.py","DC63E38EEF636D5466A6BCC5EFE56FEFBCABF002EC725A75C79855A6291380C0"
"tests\functional\strategies\mean_reversion\test_0134_0488_larry_conners_rsi_2.py","BED87293DDA2B7037D2668C98D571192EB384C38E88E9C0C260020372EABC533"
"tests\functional\strategies\mean_reversion\test_0135_0513_20_pips_opposite_last_n_hour_trend.py","14AB31FDAB4DEDAD17582F176B729A5C7032BB9FDC55F8494653C428AD2E6204"
"tests\functional\strategies\mean_reversion\test_0136_0520_bollinger_bands_rsi.py","2AF91AD150B6B7B4DB7052F26DE5E740E1AAE661644E21225EE4A7D6D7AB2758"
"tests\functional\strategies\mean_reversion\test_0137_0600_bollinger_bands_n_positions.py","D0CAE438CDBEC529E8BC05F16AC243F346EBE4DB2024B3EA625FC911C3D80266"
"tests\functional\strategies\mean_reversion\test_0138_0600_bollinger_n_positions.py","D32C07E1DF197232AB5FB2407799DD3A446912A416D6CC4FDD0AF0F28878DD63"
"tests\functional\strategies\mean_reversion\test_0139_0603_rsi_and_bollinger.py","F964B25512004A520E6CE19DB166E0EED7D530EBAA19FFE66050ABCA9074245E"
"tests\functional\strategies\mean_reversion\test_0140_0616_bollinger.py","5E6DF33D2DAC5AAB448E87976766B692EE475ECE9F90C2CC95D89D7F86C4F02A"
"tests\functional\strategies\mean_reversion\test_0141_0621_20prexp_3.py","F663D45F0029CC21E2A185CA062E0ED162C9F6B0218A8DF6269A282FBB3413D5"
"tests\functional\strategies\mean_reversion\test_0142_0635_ivan.py","BF432D1500AEBD0834B589030A68956D40D0166D014FD51EA0F457952E2D558E"
"tests\functional\strategies\mean_reversion\test_0143_0636_exp_threecandles.py","62C13EDC6144F34724078485E938D17E396148677ABA52880138DEB6B6379A2A"
"tests\functional\strategies\mean_reversion\test_0144_0639_exp_cgoscillator_x2.py","514298A599C2B32F71A883A2BBEA4A7C070FB7E1AF1D347A3F85D32FBBC38A1D"
"tests\functional\strategies\mean_reversion\test_0145_0652_ma_reverse.py","6D62ABC1628ED7A7BD5CF2546037297018A7BC7CCE60C7F5E81F597AB5C208CE"
"tests\functional\strategies\mean_reversion\test_0146_0662_altarius_rsi_stochastic.py","AAA0F1C2C82DD74F4186C795D8229ED3CB0DDA19A11F99A4E5B40D84277758D4"
"tests\functional\strategies\mean_reversion\test_0147_0673_expbuysellside.py","4A976D2FA8653322F841B24D296DE7CA6A02DCB3DEB5E76279E0D2EBE3121B8F"
"tests\functional\strategies\mean_reversion\test_0148_0674_exphawaves.py","27080771BEB31807ABCEF2B3D6AB44CA98F975E671297AD6FDB108EEE0095FEE"
"tests\functional\strategies\mean_reversion\test_0149_0676_exp_price_position.py","4E5C5D4DB76F17545B7FDE90944196761C14DF9672F3D1197852CDC9376756B8"
"tests\functional\strategies\mean_reversion\test_0150_0694_10pips_once_a_day_opposite_last_n_hour_trend.py","D25C272D340ABA0BF05D931CF62F69DF51139BB8CAC18B69FE573C98278B7D6A"
"tests\functional\strategies\mean_reversion\test_0151_0697_exp_tdi_2_reopen.py","72AADC5BDCE0E008B6E6CD7B4A0E8987D47778CCC05A98C22824D6EE43D9D9A4"
"tests\functional\strategies\mean_reversion\test_0152_0707_trend_catcher.py","020816612FDD6EDB4AE3EDC89163C651E69ABA90DCB2D4DDF1252025D42C34ED"
"tests\functional\strategies\mean_reversion\test_0153_0721_macd_pattern_trader_all.py","C37372ABB3A58ACB8C809FCA2BD6748ABC67F0B2803F5977FAE61ADDA3C36A9B"
"tests\functional\strategies\mean_reversion\test_0154_0723_exp_fractal_mfi.py","1AD6A9D6192C77CFE4565ECC3EFF767224F1369A433B04F0FFE14C31C63F669A"
"tests\functional\strategies\mean_reversion\test_0155_0727_ft_billwilliams_trader.py","2394E703690E94A2C8ABF2FDB1768B20496BC0F34534639F1D203F281036896D"
"tests\functional\strategies\mean_reversion\test_0156_0730_exp_weight_oscillator.py","E5D05C25D8CC21D35A0B6AA9B5F9679B24CBF6309C647D7622129089D46D5455"
"tests\functional\strategies\mean_reversion\test_0157_0732_exp_silvertrend_signal_reopen.py","C5FFAC3EC38A81360D934DA537B1C99A7C115530FF5EC679B3F0B2A5647E7B44"
"tests\functional\strategies\mean_reversion\test_0158_0733_exp_bykovtrend_reopen.py","93BCE4D23F978BD042CAB6006837655A8CE35013871FF0CC9E133307DC7F9DE1"
"tests\functional\strategies\mean_reversion\test_0159_0737_exp_fractal_force_index.py","D5BC30B19DD2ECC0518D4829F32CCFEC26ADE114F92FE30C1CFD890955656E11"
"tests\functional\strategies\mean_reversion\test_0160_0741_exp_fractal_adx_cloud.py","DDC3027EC9FBFB728077CF0751C1DFE9A24736C598E77A094565A2B2DE7A9B20"
"tests\functional\strategies\mean_reversion\test_0161_0747_exp_fractal_wpr.py","1C1D1AE1B03974F889BC11BEECB9AE2D8BD7EAA638040185F1C4C5307F4DA19E"
"tests\functional\strategies\mean_reversion\test_0162_0751_bollinger_bands.py","4D4B22465C39A7449E33142A137BB67D7B8CC9ECC98870EABA8EF8F1CB354E8C"
"tests\functional\strategies\mean_reversion\test_0163_0752_exp_zonal_trading.py","9EA7C185604923279837C9E0643BFAC44C30BDEBEE154CEFDF2B1382E360728D"
"tests\functional\strategies\mean_reversion\test_0164_0755_exp_colorzerolagmomentum_x2.py","63A258B8980FFD2D278D2578824FA40131A1E11D93F28D0E5CD1C6E49C5AEE11"
"tests\functional\strategies\mean_reversion\test_0165_0758_exp_2pbidealma_reopen.py","E5D3750BCC3E12521559D40CA07F9E4744B03785EE9461CC707F76A2EDBAC59D"
"tests\functional\strategies\mean_reversion\test_0166_0760_exp_fishertransform_x2.py","1B18C773C8176CE2C0512C7161F59745AE0DE3E8416E0D6EFEAF321A79BA8C09"
"tests\functional\strategies\mean_reversion\test_0167_0761_exp_fractal_rsi.py","0738D7BA1517A93223AFA7C356C6E1E61EDF69D7CE7B206638C56067BB8BD1A5"
"tests\functional\strategies\mean_reversion\test_0168_0768_exp_jbraintrend1stop_reopen.py","3C37C3C8FF222A71F776136CD68B11049226E28704CDEE55C0EECEAE8CE351DC"
"tests\functional\strategies\mean_reversion\test_0169_0769_doubleup.py","81A39F899C5F3A6001C7615EEFC1166EC3B91188491C86425C615512C71A7561"
"tests\functional\strategies\mean_reversion\test_0170_0771_exp_bezier_reopen.py","5A66D848D44581A8AFA3E4268835702E093952FF1E08C47CC577105066F68D42"
"tests\functional\strategies\mean_reversion\test_0171_0774_exp_fishing.py","2714DD670A0DD51FFD36D46478E3C67C7DACFBA2174FED357BC3BFBFE94F41E6"
"tests\functional\strategies\mean_reversion\test_0172_0775_exp_wpr.py","FDD82B9A41E1D4BFE49BAD1CDA12449E5C3A4C608318AFE942E04BCE39C7A55A"
"tests\functional\strategies\mean_reversion\test_0173_0777_candels_high_open.py","6EA83230E7C86E98C4897F4005D4037D90C9FEEFD49A5A2A247F20649BFD9613"
"tests\functional\strategies\mean_reversion\test_0174_0778_exp_mfi.py","7362D47FF0D7D9EC181B00583A7DAE29BF56195FDBCCEF25DFD1E12D015904B3"
"tests\functional\strategies\mean_reversion\test_0175_0779_exp_rsi.py","8DAA6C4A420E37973CB9DD635D805BEF2C5180DC88FC1A177139F745A6D0FF47"
"tests\functional\strategies\mean_reversion\test_0176_0794_exp_3rvi.py","871029D35B1FA745D105C94882CC805CD17F3F00F36A6203C2082CC8C76F193E"
"tests\functional\strategies\mean_reversion\test_0176_exp_hans_indicator_cloud_system.py","46493CF2371C3B52A193F942F23983316895234A6A9DB1DA1EC094179DE431DF"
"tests\functional\strategies\mean_reversion\test_0177_0795_exp_3sto.py","6CA5158441FD0923B1751AA53C11B6708AA7F51A3D026C6334F027FC4A099798"
"tests\functional\strategies\mean_reversion\test_0178_0814_delta_rsi.py","A06A1A3D44CA30A402932E46D72034C35D0F646D57A9FFC680C9E2D3FD1F3C2A"
"tests\functional\strategies\mean_reversion\test_0179_0889_vwap_close.py","CB3344ED3E30085DD0E2425D776E7932F3B04AA68A0E701AA9D4A6AB4118B232"
"tests\functional\strategies\mean_reversion\test_0180_0907_stepma_nrtr.py","71FD39E050B5FBD8554322A0D77D6B0C105764877DCD73C96AC36DA1CD0B3C4B"
"tests\functional\strategies\mean_reversion\test_0181_0943_colormetro_wpr.py","E282A39C5A672BB98C5EF4DCCABC7335A8C671D2ACEA2A4CD6C81A831F47EB9C"
"tests\functional\strategies\mean_reversion\test_0182_0946_colormetro_stochastic.py","B7D270A02F8788E4455D8EC52BD2E270D97F7D547BF0584ECD3B3AD4B7AE92E7"
"tests\functional\strategies\mean_reversion\test_0183_0947_colormetro_demarker.py","C4C317DAEDDC194626D7BCC7D62A63D08471AC91905F6783DCD7C990E6AE962E"
"tests\functional\strategies\mean_reversion\test_0184_0949_macd_2.py","D9395107CF139FC781E9E87ADC5A94C0489798F8606C7690FEB590B909D971A4"
"tests\functional\strategies\mean_reversion\test_0185_0950_anchoredmomentumcandle.py","18DC1F905034485BA3109DA83DC2F946B9BB38801D72C76EDA5832FDD946DF30"
"tests\functional\strategies\mean_reversion\test_0186_0951_kalmanfiltercandle.py","51FD3775CFB5636490F8207BE4FA9BC2E9E385DBB448F6A448F84FA1CA3F85F2"
"tests\functional\strategies\mean_reversion\test_0187_0952_macdcandle.py","6E009683F8AA493C1C0B55E46FD998FC24B0AA6F4842F0533956FC4E739FA609"
"tests\functional\strategies\mean_reversion\test_0188_0953_laguerre_roc.py","985F845DFFDBFD924CFFF708AE2EC43052DADDFB31454E7B328CAACD47B23CEA"
"tests\functional\strategies\mean_reversion\test_0189_0955_i_gap.py","6F3BA548D1F427CAE7C2F9338E5F93E4C754FE4C24A58A810714852DEDC5C6A9"
"tests\functional\strategies\mean_reversion\test_0190_0959_dots.py","EE7E464F44A35E0F0CA422146216C129E2AB46196789932A7E979FBCCDA87EAE"
"tests\functional\strategies\mean_reversion\test_0192_0962_momentumcandlesign.py","2AC7F9125C0D798BEFA42C3FCCB4F8B642EB8C65103988E401CB2215099DC7B6"
"tests\functional\strategies\mean_reversion\test_0193_0968_trixcandle.py","DCECE47D6C2D53B2F1F0F92E5E49D71FB9A99A5E13B61E1D5980B3631A542258"
"tests\functional\strategies\mean_reversion\test_0194_0970_framacandle.py","701AED6436FA446EE75F90CD8729EF88402D2367BE7CF0BACEA8D35B3DCBF578"
"tests\functional\strategies\mean_reversion\test_0195_0974_lsma_angle.py","DECDA95AD6CDF0A841650E776AAB01E7B1A80C4073CA91C40B678680EC7F77A4"
"tests\functional\strategies\mean_reversion\test_0196_0983_kalmanfilter.py","E47F8223E98F0618C3974AEFF032DA1D26AA11674A1345FED1D05D6102D98CF5"
"tests\functional\strategies\mean_reversion\test_0197_0990_i_amma.py","75C648B44E6DAF3B27623635BAA319DC83838F479E0677A099A6F268C0E296CD"
"tests\functional\strategies\mean_reversion\test_0198_0994_ianchmom.py","DC1B9B3ED60BA5E4C47D8448BD1FB36D07E9C438298114F724D18CCE649FCA58"
"tests\functional\strategies\mean_reversion\test_0199_1000_colorhma.py","F754AC1EB1CE1C76C1A1640B34DD900870BACD58CC56A13F03F68E3757AEBA40"
"tests\functional\strategies\mean_reversion\test_0200_1005_finetuningma.py","1A8BC2032DD59844EB9C23BE10A621EBFB8C8B61332AF560883E7A00C3394F2D"
"tests\functional\strategies\mean_reversion\test_0201_1119_ma_delta.py","32EF6C225BAA35818C6D65F558BDEEBCC86A91DEF2F5CEE1FCC76BF186D110F8"
"tests\functional\strategies\mean_reversion\test_0202_1134_bobsley_ea.py","406721C932DBC1E462301C5E76CDE0347CE6620A3C53E3771EB3BBBA6010C339"
"tests\functional\strategies\mean_reversion\test_0203_1143_kloss.py","59C2C2338D7769002B6E9D1774AF71431946421A62488EC89DD3F686095FFCF5"
"tests\functional\strategies\mean_reversion\test_0204_1146_t3ma_mtc.py","C10B7F0D2A0FF3198EEA140C1A538FF1DB8AB1D75E4F75D34DFB82E1134C117A"
"tests\functional\strategies\mean_reversion\test_0205_1149_terminator_v2_0.py","5DD517593AE5C1165CF015781967EB04EEDE210A080378B8AFA443488A1A6014"
"tests\functional\strategies\mean_reversion\test_0206_1156_starter.py","21147401EDF6621E96F9B89C08D997A05708B6B3326432D2F8919C92C2917B12"
"tests\functional\strategies\mean_reversion\test_0207_1160_up3x1.py","B3D248BD65850E5C24CDF630EA4FAD8B38155ABA35EA7958B1693906C11741D6"
"tests\functional\strategies\mean_reversion\test_0208_1161_universal_investor.py","27766D0292605F539D2D2737D9C80FB24B1FB83D2269F1A16EAC5C2F8D2DEA0E"
"tests\functional\strategies\mean_reversion\test_0209_1163_gpftcpivotlimit.py","D321B9F81CA7783A3F6C124A0567011957FF476AE90727B011BEDE846BA5B9EE"
"tests\functional\strategies\mean_reversion\test_0210_1164_gpftc_pivot_stop.py","09F43C3FA5EF1C20FB415B386451A064AAA2352263E0510241A4BD84ED687143"
"tests\functional\strategies\mean_reversion\test_0211_1164_gpftcpivotstop.py","692B6F2416E4F773BE7E17A2FDBA541712A87DD6527237B880EFCB7921145CDF"
"tests\functional\strategies\mean_reversion\test_0212_1168_ea_aml.py","A415AB16D1584ADA407E241CAB2221F51A83F96B24D4CAF4D8541D48FC457064"
"tests\functional\strategies\mean_reversion\test_0213_1168_ea_aml.py","4E651A44767B5087933BA7758775C1E567B8E1230D785525AD1893724DE553A8"
"tests\functional\strategies\mean_reversion\test_0214_1169_ea_ccit3.py","8126BB12F2D9AF37E53A1D7F0B4D37E056F92BA1243FFEC717559A5F3AB39474"
"tests\functional\strategies\mean_reversion\test_0215_1172_marsi.py","7731B44655F7705CC76104C5BBD33DBCCD4A6DBDBE77709D286A75F4062283DB"
"tests\functional\strategies\mean_reversion\test_0216_1191_promart.py","DA7B265EDABAF3D98F6DA58C4C7F2DB28ECD593C17859EC3E97BC5B4B6132910"
"tests\functional\strategies\mean_reversion\test_0217_1200_night_ea.py","0282627AA44A3CABDAEF6998D9220451A9C1C51AE85C9A126BCD00EDF1A94160"
"tests\functional\strategies\mean_reversion\test_0218_1217_trend_envelopes.py","772CE159EE7E7975154CEC7F66BEA209D0E73C914F02476010620617E88D5043"
"tests\functional\strategies\mean_reversion\test_0219_1222_color_stoch_nr.py","2A1F09F1537B472729EC89BD09104C5B6429BE8E8B49FBF1E3064838323E4640"
"tests\functional\strategies\mean_reversion\test_0220_1224_color_non_lag_dot_macd.py","5E5088287E74F28A15F08D44F605E53A83A0449B86F92E7C1AFC49E67BEE79F0"
"tests\functional\strategies\mean_reversion\test_0221_1244_bbands_stop.py","A05428E587C370A892E0955F57AF6B75F0977E91978E3BA5419BDFA476DF17FD"
"tests\functional\strategies\mean_reversion\test_0222_1281_asimmetric_stoch_nr.py","A30BEDC17989F19CC21517DC003C3B0BB0750F73860DFAB58AFDB7CC9C2D4E74"
"tests\functional\strategies\mean_reversion\test_0223_1282_xma_range_bands.py","48F2C6C6BF5B64730338885F79663F0E4B47E0DE3CE5F20D5540FFE03748B54C"
"tests\functional\strategies\mean_reversion\test_0224_1300_bb_squeeze.py","EED919F770254954F76A6485642E9A9EFB8AD59305254AD556BB54B8AE74F11B"
"tests\functional\strategies\mean_reversion\test_0225_1343_three_crows_soldiers_rsi.py","27246E4F80AB4DA4780FE8ADBDB3A9B62A8D5D87D66E335F3D0B913AFD561A44"
"tests\functional\strategies\mean_reversion\test_0226_1344_three_crows_soldiers_mfi.py","13E91C211862195476D71A850A14C11912E5C407F7327FA8A7D26A56D5841604"
"tests\functional\strategies\mean_reversion\test_0227_1345_three_crows_soldiers_cci.py","046CB3FC7999D2ABF83EE377E137644C71C96FDD7DC560FA56E5B136B59C67FA"
"tests\functional\strategies\mean_reversion\test_0228_1346_three_crows_soldiers_stoch.py","C46D7B14E8402006DB7570C5B7E86506BEAD3E42FC95640DBE7629312A3988E8"
"tests\functional\strategies\mean_reversion\test_0229_1347_reversal_candles.py","158F2077C076EBB6F0C6F00A733AED6CD437712459B7007DD57D5772EF548FF9"
"tests\functional\strategies\mean_reversion\test_0230_simple_connorsrsi_sp500.py","AA3CC00C10353D9AD1C8804B9854CE30FC23850CAE32C0703F74FA81B49105FA"
"tests\functional\strategies\mean_reversion\test_0231_rsi2_double_returns.py","12684A84876F31FBE5A678195FF2DCF5A43537ACB378EAD6A804C456ACDAB07C"
"tests\functional\strategies\mean_reversion\test_0232_crypto_rsi.py","38153EBB4E54E85A3A24DE271A914138A617A4F081F9F2BE2BBBD8BE96775D5F"
"tests\functional\strategies\mean_reversion\test_0233_improved_rsi_strategy.py","AEE942C9434B109640CFB39F5E032DF7EBF7342DC718663357F17EA5F5545904"
"tests\functional\strategies\mean_reversion\test_0234_0063_multi_divergence_ea.py","B2B8E7FBC9B609C64042922B9E27E4B6132B1D57AB90EF47B2B3FA0E127BCCB7"
"tests\functional\strategies\mean_reversion\test_0235_0143_jmaster_rsi.py","6AA7A247F7989DA0677C5A79FF7AB396160CE5DC32F779C4E5861C1AAF0D97E9"
"tests\functional\strategies\mean_reversion\test_0236_0146_rsi_ea_v2.py","9C0A44FD0A78A498F1A8AF2EF9C9C17F6130E1276B73204606AAE29A5407E3F7"
"tests\functional\strategies\mean_reversion\test_0237_0328_aocci.py","F51CA8240E1C9E26CA77ABEBA73F3B6CC62B4F36F5837DD239EBE353BA69A01E"
"tests\functional\strategies\mean_reversion\test_0238_0369_ea_stochastic.py","A9841C455E269D4F1FEE95E6CB981537FA7938820B03CEC2888756958235679C"
"tests\functional\strategies\mean_reversion\test_0239_0515_kdj_trading_system.py","46DCC3F3BB10A3E83F2E84AD168C171E34C60B3135E955824B3D77ECF9DC2DC5"
"tests\functional\strategies\mean_reversion\test_0240_0516_greentrade.py","451C2D7028F08125855F5F1308C0D21A832E0918FFAE6C002C4EBC008B2DD768"
"tests\functional\strategies\mean_reversion\test_0241_0524_rsi_eraser.py","C277D9967C13BA15EFBCACC8F75736EC7604F4100C521EBC80348411AC256527"
"tests\functional\strategies\mean_reversion\test_0242_0546_anubis.py","1CEB772E8DB824955F819CBBEFF6EAC9D1AB523375E2BF672E4EEE632BB768C9"
"tests\functional\strategies\mean_reversion\test_0243_0565_icci_ima.py","5A254625413917024B892A761347BA65B9CFC1215548017539CCCE94F66CFC55"
"tests\functional\strategies\mean_reversion\test_0244_0583_istochastic_trading.py","1DA6408853901952A1959405A4DDCA1F70D087B8C23972F8ECE699744CBD8C4F"
"tests\functional\strategies\mean_reversion\test_0245_0622_trade_on_qualified_rsi.py","197F0C925456B0B626C8CC7AF701386CD7AD1B33B76CE745CCE13C3989CCBBD5"
"tests\functional\strategies\mean_reversion\test_0246_0653_rsi_ea.py","CAF823BB6CF4DF0806391DF51D9005ABF72FBFBED28A70129C242DDC4F755630"
"tests\functional\strategies\mean_reversion\test_0247_0714_cashmachine_5min.py","8DB4242AF4A9BCC0590CB28CB4478787ED5F519E210CD82D4F4259E2CC68335A"
"tests\functional\strategies\mean_reversion\test_0248_0722_angry_bird_scalping.py","455D4922739D17A06D718EF6FEA8F333FF0ED102587E4B90D2A9F058415CC502"
"tests\functional\strategies\mean_reversion\test_0249_0736_exp_rsioma.py","6F979E0D5D7BB33E94042D911ABC8983A3F1C9E6E6EEE702FD4DEAFBF515759B"
"tests\functional\strategies\mean_reversion\test_0250_0748_the_mastermind_3.py","C25647196AECEF6E2A07E65EF0F729394EE3E936C4C0E42C60623BD377DBF868"
"tests\functional\strategies\mean_reversion\test_0251_0750_the_mastermind.py","79F7D9A15601DE8B0F263A810A8E41EA83EA151C0840E5F104F70FD4A34A64F1"
"tests\functional\strategies\mean_reversion\test_0252_0753_stochastic_three_periods.py","230A182974AAFF18F86AA8D720042846A42EE5A4D23112D39B2C094D0EA32104"
"tests\functional\strategies\mean_reversion\test_0253_0754_stoch.py","B931AD1738BB100E67DE25AD9232771F08D0923490BF7308662AA4A90BA10B03"
"tests\functional\strategies\mean_reversion\test_0254_0783_scalpel_ea.py","C78DA9B9A4F3A2BF80A23B34DE6FCDD193153875E07D553CBBA60605CE685160"
"tests\functional\strategies\mean_reversion\test_0255_0788_center_of_gravity_candle.py","B0CA2795D3A33A44D963F47018C9296BB24192A0915B22C4AE055EBF2D5C016B"
"tests\functional\strategies\mean_reversion\test_0256_0798_mastermind_2.py","096F28C4A6E822A4A0BE75B4AC08F9A6AFE115B997605C1A1DE87845D2C5A4F6"
"tests\functional\strategies\mean_reversion\test_0257_0809_mfi_slowdown.py","3D9022D71AE6A4468F1D9F1609CCEA1B7184B2F1A8A485D1C73F084DEC42066F"
"tests\functional\strategies\mean_reversion\test_0258_0810_wpr_slowdown.py","9A2D1E4F0EA8F4FC0A501C6C235263D85840ADE96E039008D70052D69D4F7EF3"
"tests\functional\strategies\mean_reversion\test_0259_0811_rsi_slowdown.py","7EDA7C9ACEA4FF2C37C14128E7EACAEFA06A60CDC46883D653140E8B23705713"
"tests\functional\strategies\mean_reversion\test_0260_0812_delta_wpr.py","E3C0C1B2F390D1B5CC356C584D93F37EE48C7FD049A9F11A471A04BBD3FA8CB1"
"tests\functional\strategies\mean_reversion\test_0261_0813_delta_mfi.py","D56E138F1C794D1FA30A80F50049123AFE446DCE2FD7834CBF6D3758C425FDF1"
"tests\functional\strategies\mean_reversion\test_0262_0860_fisher_org_v1_sign.py","C5B0D7C02255772FF39C42A1C368392ABC7ED059D1A48ECED65CC2EE772DF379"
"tests\functional\strategies\mean_reversion\test_0263_0861_fisher_org_v1.py","A94EE6AA13D28AA3BCF05582CE68B933F79930BACC06B5FA9820C5B55DB0F6CD"
"tests\functional\strategies\mean_reversion\test_0264_0873_idemarkersign.py","AD69F657674BD9B3E1CC288CDBABFE2792F8323A22BD21C5C61292038408F8E2"
"tests\functional\strategies\mean_reversion\test_0265_0876_istochkomposter.py","34CBBF13F1924915430B7F18546D12AEC41F29C8D6B1819E1D4CCA76A88E076C"
"tests\functional\strategies\mean_reversion\test_0266_0878_iwprsign.py","390BE2FFB0E5A2D98C597DBB8768336C1FE9EBE4ED4F3F90F8449DD2A1830987"
"tests\functional\strategies\mean_reversion\test_0267_0879_irsisign.py","11AE11A528F9D4DEBA9571C07AA664A5485E336EDCD2BC24F390CB15DE8D598E"
"tests\functional\strategies\mean_reversion\test_0268_0925_cci_histogram.py","9BA3757BE7EE21F2A8B9528A934680D5C79E7D68B5F6198C7ABF389E5E34BAEC"
"tests\functional\strategies\mean_reversion\test_0269_0930_wpr_histogram.py","6579BAFCEFA45F0D672DFCC95F95A57EFC521FBAB0E228D4A02C428BF10B5866"
"tests\functional\strategies\mean_reversion\test_0270_0931_mfi_histogram.py","1EE48242ACF9BD2D9AF80AAA121613F53AD4635F192A0B5E19556110DEF71D37"
"tests\functional\strategies\mean_reversion\test_0271_0932_rsi_histogram.py","16F0369061E69FE1504BAA23FE93B5A6C27F3D04C23CEF20EF31260A0848D11A"
"tests\functional\strategies\mean_reversion\test_0272_0935_extrem_n.py","22EE6C2CFE6D8891BC4BC56F06E6221BB876A2414C9581C609282235FD75CF90"
"tests\functional\strategies\mean_reversion\test_0273_1004_force_diversign.py","D881FB0060CE87FDFA3AAC56CABCF24F662DA6ADAF68878FC429732AA4E36EF5"
"tests\functional\strategies\mean_reversion\test_0274_1012_dig_variation.py","2E5D32A775C617857ED65551589E823137DB9FA6A0C6A22508910579773865D5"
"tests\functional\strategies\mean_reversion\test_0275_1013_dinapoli_stochastic.py","A3808554167BA9FEE1404998CBEC2314A1F40CB627AFA6B3F170031AB0146B78"
"tests\functional\strategies\mean_reversion\test_0276_1015_cronex_cci.py","E8DE96C8EE9586C67880A98E5D709995A26536BCE7F901622E2922E641240857"
"tests\functional\strategies\mean_reversion\test_0277_1016_coppock_hist.py","A8F8BB2F62562AB1DAFFCF7B709C06A087BECBBCFC6B0AD54C03C665B7D47507"
"tests\functional\strategies\mean_reversion\test_0278_1025_color_marsi_trigger.py","500F899C5F664043461382A40421664F5AC65447709CED21AA73098E23ECA7A0"
"tests\functional\strategies\mean_reversion\test_0279_1031_color_zerolag_rsi_osma.py","A81E84A41A5B54AB95CD1F6D63193E54CD56A5C9E25A65C09FCF34620761B4A9"
"tests\functional\strategies\mean_reversion\test_0280_1033_color_zerolag_trix_osma.py","B286E5A04B629B1F3D95AAB46B14D76918FF40D9D2CF28FD3852B34ADFACF59F"
"tests\functional\strategies\mean_reversion\test_0281_1034_center_of_gravity_osma.py","4D969DA3929DA889859230CD55C60EF6878EE7950ED4806AD9CA2A825D0F858D"
"tests\functional\strategies\mean_reversion\test_0282_1035_color_zerolag_trix.py","C16B226DC556E73028857C51F4E2AF0BF71713DC72F7B719F9225D2A64140A4F"
"tests\functional\strategies\mean_reversion\test_0283_1036_color_zerolag_rvi.py","314073979D79D5AAB24735CC068960918179D4F327438F3A0784BC6D2A906BA1"
"tests\functional\strategies\mean_reversion\test_0284_1049_hlrsign.py","1C5C067F80224C78830DA597C7E30360A71F0AE9AD0D0F08686D294A52B417E9"
"tests\functional\strategies\mean_reversion\test_0285_1050_leading.py","E3F515BA08741C71A2CB49C2DD698119E1842210693BFD489CE149F1D6F4AE21"
"tests\functional\strategies\mean_reversion\test_0286_1065_tsi_demarker.py","0C3B54ABC7300FF1C3E51E6305E887D0A1F7D67EDF2C88C210358C89ADD24FCE"
"tests\functional\strategies\mean_reversion\test_0287_1068_tsi_wpr.py","69D3902D60838DA5344FF75C1D2993FFD08DD0A7D45EBE7B6459750E273CA675"
"tests\functional\strategies\mean_reversion\test_0288_1070_blauhlm.py","5DCC31C20062583EFD41145CE40EC53E3AFB5A82FCEFA5712D36D4D632BE3E8F"
"tests\functional\strategies\mean_reversion\test_0289_1072_cronex_rsi.py","12120FD161166AEAAB24984DE4D8B4DB3E66A861C779F55B3853E0224508F579"
"tests\functional\strategies\mean_reversion\test_0290_1073_cronex_mfi.py","28228506DB52D84F68822DFACC5553C3DE902EA811B967570A16B150C2F5F150"
"tests\functional\strategies\mean_reversion\test_0291_1074_blausm_stochastic.py","5BE9F7661FA478911383139AB9599D616DA7409F0D92696F448A78D670ECA99E"
"tests\functional\strategies\mean_reversion\test_0292_1081_tsi_cci.py","97797C6C15153200B8EE0E52276A2E3B5898B43A54E011BB50BCF0549FA3439F"
"tests\functional\strategies\mean_reversion\test_0293_1087_cronex_demarker.py","DC0C537CF5F2063C53D9D323021B4C1874323C80C7BB65B421B2B1022730B8FF"
"tests\functional\strategies\mean_reversion\test_0294_1090_dynamicrs_c.py","F23495AA1F552C7EDF26139A130BEEC890E7789D728D23002C7C24566135A9ED"
"tests\functional\strategies\mean_reversion\test_0295_1092_stochastic_cg_oscillator.py","A0793A41F597534B63FDB55B54EB0CA5A07ACA96BDB6C788C00C7C897EEBB101"
"tests\functional\strategies\mean_reversion\test_0296_1093_color_tsi_oscillator.py","F2660DF512C4C17B453388024EF584BAC8AB667595850B4D1D923B14C46DD032"
"tests\functional\strategies\mean_reversion\test_0297_1097_fisher_cg_oscillator.py","B81F977D435FC16C4C9D167075725B0B4014B33EE375D58CB138A0CE4625F7E5"
"tests\functional\strategies\mean_reversion\test_0298_1098_color_jjrsx.py","934B6BB8AB7A0AE5E940C665E48098A44047B1032A09D64EDC82C321A4200FB4"
"tests\functional\strategies\mean_reversion\test_0299_1101_slow_stoch.py","BEFDCCC6E6088F8BA39694EDBDC1C6F499DF3E538EECF3CB5EBE0CCB867EA339"
"tests\functional\strategies\mean_reversion\test_0300_1105_rsioma_v2.py","9B2E3B9350A8CA98B2EDDACFEDDE49ACA03D5A5C55C27802E4D3AD81F80898B2"
"tests\functional\strategies\mean_reversion\test_0301_1108_blau_ergodic.py","DA7D9EC372D29B5FE9FE046B422CCE24B75D97F00F007CE97FE874FCAFA3BCE3"
"tests\functional\strategies\mean_reversion\test_0302_1111_blau_ts_stochastic.py","5E5E57DF1E1FAC385A6593D84C3DD4EAC95478D9A3B913AB2813E6A912D9F2F3"
"tests\functional\strategies\mean_reversion\test_0303_1112_blau_tstochi.py","72A4043234D6A5FBB4EC165AD9E1378B86572728A647A7DF543E134160E8BB8F"
"tests\functional\strategies\mean_reversion\test_0304_1113_blau_ergodic_mdi.py","D14C3A7CB25CD9DCF268CDDC87CEE9A2278E73D05ABA849954E761F3A49EAD16"
"tests\functional\strategies\mean_reversion\test_0305_1114_blau_csi.py","B68F7315BFAF5B4A286415EBDD1E84BEDDC2E50749025799BD7FC30BF5C0EBAC"
"tests\functional\strategies\mean_reversion\test_0306_1123_renko_line_break_vs_rsi_ea.py","C7654FA653F60743ED693C583B9644DEE0DB67F2EEA069B251D7D164D5908607"
"tests\functional\strategies\mean_reversion\test_0307_1148_combo_right.py","2DF1BE16DEECC1C031D7E70EC5EB664F9C76178E937DBCA6819060E6D3786D69"
"tests\functional\strategies\mean_reversion\test_0308_1158_divergence_trader.py","FC0149BF6AB7406ABF2381AC6CB7F2F9EA3C834810B1C94CB366B2F74EDEFDE3"
"tests\functional\strategies\mean_reversion\test_0309_1215_super_woodies_cci.py","6E43D7A37AB8B395966583318F45C550D3C59001AC2761E4B8B73D1FDA2DCEC6"
"tests\functional\strategies\mean_reversion\test_0310_1227_dss_bressert.py","CAE7004997A4CEBA227E8E05DE158DEDE91A6BB4CA63B5DAD74F4DBA858E8A95"
"tests\functional\strategies\mean_reversion\test_0311_1239_cmo.py","6A5156859A63AF16024E9C90163A13A7A5AA66AA5FE2A27B9183EE937F762253"
"tests\functional\strategies\mean_reversion\test_0312_1240_marsi_trigger.py","4BDE591AB8434B1F20BF318F2598F2CB6A912C4F64F874E23143DCC667C2133B"
"tests\functional\strategies\mean_reversion\test_0313_1250_extremum.py","6E50F2BFCA8F8A5010499B5AD4094E2ABE383CCC69A37E91461390DDC2C6FE15"
"tests\functional\strategies\mean_reversion\test_0314_1256_blaucmi.py","7C5CAB2F08E5102E0E86D95F828C4C8BD1F115A92D99D55A3817D6E392EB3E2B"
"tests\functional\strategies\mean_reversion\test_0315_1261_qqecloud.py","67C2B02439B9759C99AFF72537E33C56977D7A1EDC160141026D4AD571497542"
"tests\functional\strategies\mean_reversion\test_0316_1265_color_coppock.py","681F6DDA933BC2777D6648449B53DE2D474D7C782BEAEAE3064BBFA667C3F0BE"
"tests\functional\strategies\mean_reversion\test_0317_1278_colorstepxccx.py","2FB8BD479E4257B1948C12551BE959E5D5C354622BF9BBBD945D47A91B837D42"
"tests\functional\strategies\mean_reversion\test_0318_1279_xrvi.py","B6116AA0EB1FFE31962D8ED9E2969B87B997ED00AABD2F0781ADD4815C698E35"
"tests\functional\strategies\mean_reversion\test_0319_1286_ultra_wpr.py","122EE41EEDAB68C4D5E25B6CCA343B9C5E292557A5F8B967E75AB67DD43CADF6"
"tests\functional\strategies\mean_reversion\test_0320_1296_center_of_gravity.py","968D417EB937C04C4888350D01086948F614D336C7F5F63CC023DD823B89F9B6"
"tests\functional\strategies\mean_reversion\test_112_macd_rsi_bb_strategy.py","84BAB135E0780133C2166BEA0B27CFDE677223AC9C533BEFEA8FFA63ECD6A1E9"
"tests\functional\strategies\mean_reversion\test_26_boll_strategy.py","E4DC8DABC6141F593C88A137642446C2B78CB3037C2B8D40FD669F20AE0862D7"
"tests\functional\strategies\mean_reversion\test_27_boll_reverser_strategy.py","C9E2DC090BD9E5E4C609DEFAB09BE759FFE1BB6C730F306F7934C5A929F9FD0A"
"tests\functional\strategies\mean_reversion\test_28_boll_ema_strategy.py","307B1753CC81854ED32AB3CB2CA13B7F3320A260335743532886E23B9CE6371D"
"tests\functional\strategies\mean_reversion\test_29_boll_kdj_strategy.py","43B4B3B74A2380B829DEAC468BF3D3C9DCED1884455A8A7BAB35C6DBFFBF6AA0"
"tests\functional\strategies\mean_reversion\test_31_bb_adx_strategy.py","0CCF5CF4CE5340BF52E27A919921A127C41FBAD1CA2380A8785F164DDC1DD3D9"
"tests\functional\strategies\mean_reversion\test_63_pairs_trading_strategy.py","18FD8F309E89E7D0098FECE3655ACEE12329DD4CE7C80AA1086D167E3E15716E"
"tests\functional\strategies\mean_reversion\test_68_bollinger_bands_strategy.py","130BADFEEB2E89FBDBD1B8D7EEA73D7D0E1480756436F73EAAB1AA1692F4C92C"
"tests\functional\strategies\mean_reversion\test_83_pair_trade_bollinger_strategy.py","B2E440B67E8755C6282239AAE7A6C30CCCF60B19C76786ACB6BCACB8FE6703FF"
"tests\functional\strategies\mean_reversion\test_94_mean_reversion_sma_strategy.py","EC1602EED75C2C8A0F610061A289AEDBE01791B4B51DBF90F8741DDF0590672C"
"tests\functional\strategies\mean_reversion\test_97_bb_rsi_strategy.py","C6FED295592DEF72D6E6FFC18FED97D4F57D7A5940997739C1EAC2D65D405AB3"
"tests\functional\strategies\misc\__init__.py","C0190F8E2F1454E181896CE6184BFE4D0469233967CAF18A2A71BB0F4996D6E6"
"tests\functional\strategies\misc\test_11_sky_garden_strategy.py","0B771E850E85C695434678F1655095B08C7FB9A4174951772E2BA8984C230140"
"tests\functional\strategies\misc\test_110_buy_the_dip_strategy.py","7E9ABDD5B7FD54E412EDB346DA9C0E76EC3954F0603DD7074D41F70E84EF41EF"
"tests\functional\strategies\misc\test_16_cb_strategy.py","8755A25B97DCDB6C81F8A4D30B2B3756B567ACE35737DCC22AE3C054D294C0EA"
"tests\functional\strategies\misc\test_17_cb_monday_strategy.py","52F1E5EA49C63950E6DDDACBF283A6675FD954BFB147E839B5E6F3635FBA30A1"
"tests\functional\strategies\misc\test_21_the_strategy.py","CC70158F1715A2E14EC3E9D061A588BC9487F6D2E6F88130E8602B5A9F887DA5"
"tests\functional\strategies\misc\test_32_stochastic_sr_strategy.py","362AD49FA106685BE6020C204B345DD51B3F927432F9C76ACA9C693481D90B9B"
"tests\functional\strategies\misc\test_38_long_short_strategy.py","91F877168ACBD165D564FE56708BFF8FD8C002946369A5C57DC4273B90503D9A"
"tests\functional\strategies\misc\test_39_btfd_strategy.py","6B96D7A5D818170FF792C7283059ED92670AF7FD48007CDDBEA62939FD9D79D6"
"tests\functional\strategies\misc\test_40_cheat_on_open_strategy.py","86DDAE3981314344403651B2DD99BFCA08508CF11542062D8BDBE4EF22CC0ADD"
"tests\functional\strategies\misc\test_46_pinkfish_strategy.py","F4673BBDCECACFFC3A7D4E8CBDCFA7493D071E6A07C7C79EC9917086B4919B5D"
"tests\functional\strategies\misc\test_47_slippage_strategy.py","6301029A89AFCA914F1BDBF889560F4CDF88B52E69D0EA7D8AF87A89991D0712"
"tests\functional\strategies\misc\test_49_calmar_analyzer.py","28593EC6A8324E51C9A963080CCC1A74A71C42113CD1E0F0306AD662641E7D51"
"tests\functional\strategies\misc\test_50_vwr_analyzer.py","1A19EDBD48C5FE4DC46D79DF57509A23571EAC22EE3781296DA6E9B10437DA81"
"tests\functional\strategies\misc\test_54_commission_schemes.py","E7A21811A4338CCDC8E5BAE48CCEA924A25AEC02C25AF307FB480312CC2F4DF5"
"tests\functional\strategies\misc\test_55_psar_indicator.py","5F08D2F94F28195C7570A55F37568055A294FCF38934E0736CC4F20D32695EA7"
"tests\functional\strategies\misc\test_56_sizer_test.py","352B1983E20DA06A93CE4238AA5C88A83FA0F271A6A0C56654517D41E2C7DD05"
"tests\functional\strategies\misc\test_57_sharpe_timereturn.py","9026D8C717B017692E0F9501D400D886042E4F4A196FBF3BF879BB868778C221"
"tests\functional\strategies\misc\test_60_writer_test.py","E85F4AAE8C063AFB0BE1F385339FF21B23501F214D734449B7331AF7B4033A9C"
"tests\functional\strategies\misc\test_65_td_sequential_strategy.py","49F46C0C77821D84367D874A7EBFFB571231D36CECDFC00795F9928E89CE4B14"
"tests\functional\strategies\misc\test_69_stochastic_cross_strategy.py","28B5826AE808166CD35E719CFD3C1F9093503A3F3F8900DF11323A4B3DD63F8E"
"tests\functional\strategies\misc\test_71_double_sevens_strategy.py","FD4697E63375E9B3499C631106E56653DFD5A18849D7B487450F86402021D6B9"
"tests\functional\strategies\misc\test_76_heikin_ashi_strategy.py","DDA0117C574E3AA3D8597A420D8F7926916600ACF0BF091EC5CEFEE6C590C19E"
"tests\functional\strategies\misc\test_77_slope_strategy.py","AB8CF865A4E1C3F4284E6BA48E5B3B053C7042E028F2FC315911C08B4FDE9F1D"
"tests\functional\strategies\misc\test_79_buy_dip_strategy.py","7B071105BD21CBC286E7344E08A72F02825920220A160A6DD46E875CE4C15C21"
"tests\functional\strategies\misc\test_82_alligator_strategy.py","34DC94A2DF702397B63D59407AB40089779AE33C3980EFDC41953C2D682C99F4"
"tests\functional\strategies\misc\test_84_arjun_bhatia_futures_strategy.py","54DB253EE1C48505451A1D4DD2F88A03897A2D3E3247992C7835BF8F39DA46D6"
"tests\functional\strategies\misc\test_85_up_down_candles_strategy.py","B351745D9D7100317FCB6ADC2E4D6D02B61ACE937FF678544D182AC1E2B90EE9"
"tests\functional\strategies\misc\test_92_renko_ema_strategy.py","E3EA0395219B8C1FEF90DA94E0F6F854B905449790EB381788EEE18EF06DB96F"
"tests\functional\strategies\momentum\__init__.py","4D376F1D87F225363D5A85B98C4957590F712AF6D755BE243D063B8775764A18"
"tests\functional\strategies\momentum\test_0001_dual_momentum.py","8A8C7AD16C9B0F3D84D322A5BCEA0B85A49649DBC25222232F1715A49A6A151A"
"tests\functional\strategies\momentum\test_0002_gold_dual_momentum.py","110449446C8B505B5FF98B379B0F2A09AE6523FD7A2BD2BBF5C91E4AEB4E6D2C"
"tests\functional\strategies\momentum\test_0003_gold_overnight_momentum.py","7E0F36587DE91C1FE56E9EF0A0AAA92E02B29689B6EF126F18ECA13522B9DF97"
"tests\functional\strategies\momentum\test_0004_gold_momentum_rotation.py","916A23D255EF200B8F59D82404154A81A40C2F3D5AFE20A2CF073F728534B468"
"tests\functional\strategies\momentum\test_0005_gold_time_series_momentum.py","E52B239366DEF1F93F9F3A63F7EAAE2894D5F2BE7750A311D0D8BE287B444321"
"tests\functional\strategies\momentum\test_0006_gold_commodity_momentum.py","5B6FC0FC2CE4DF4E33E4D812773A51EBE26062B39C1AAFFBE142C9E21FE60392"
"tests\functional\strategies\momentum\test_0007_gold_momentum_strategy.py","B2DFEC76430C5C6D12D57A3629557ECD1DAF5A14FBFC38904BFF240B5FB97150"
"tests\functional\strategies\momentum\test_0008_gold_real_momentum.py","70F37C3B6B8B0EC0CD753E8DDBB60ABFDCA888F3C4DF9758B3D9D0B61032A5F7"
"tests\functional\strategies\momentum\test_0009_gold_momentum.py","ACFE4196880B8481FCEA8E937F2B336BB3E91CC01E59E81546D79F4303DBFF3B"
"tests\functional\strategies\momentum\test_0010_momentum_rotation_roc.py","628F58853B6FD4A5852E02F631496EF16557D65235E463D3CCE8A2DC8B971D70"
"tests\functional\strategies\momentum\test_0011_commodity_momentum.py","6E450CB5E15CFCE424CF5F2385221CA550D0B5608D60ABB32566D7A6831A165D"
"tests\functional\strategies\momentum\test_0012_gold_momentum_rotation.py","2D33787ACBD57F2DEACF8490999196F5EE3506AF4B7F3366567466BAD9CF2CC9"
"tests\functional\strategies\momentum\test_0013_gold_time_series_momentum.py","8F23197A46931541889DAF0505D05B132995A8C62C1DBA0B7D4BC535DDA2B806"
"tests\functional\strategies\momentum\test_0014_52week_high_effect.py","5CDA16D05539C1FBF758AB3E696EF8B832BA5B3ED0B17CEFAFFF27971784ED08"
"tests\functional\strategies\momentum\test_0015_dual_momentum_strategy.py","6C7B823A482BBCD4E0C22A9D09E65411AA9AD80DE07DC707A5A3F1C2FC2F963F"
"tests\functional\strategies\momentum\test_0016_momentum_strategy_insights.py","3094A355D022F7E1AF6A4B3ACFD6FD06ECB1A4E2E9C42AFB14D4CEC592980B1B"
"tests\functional\strategies\momentum\test_0017_alpha_momentum.py","434DCBD9F2ADE2EDE1A5744AAA573635E1A77E981878C8C992807594CA1A0659"
"tests\functional\strategies\momentum\test_0018_simple_momentum.py","6DE1B90C27A602D88067FB84542CD4BEC9893EA856B0A8B5F4E7F06E53034581"
"tests\functional\strategies\momentum\test_0019_pca_momentum_quantstrat.py","C01EBFA76306A17DDCE3FAA232364BC1EE3B81347BFC7C384CC1FF5A1693B403"
"tests\functional\strategies\momentum\test_0020_momentum_basic.py","976EA3EBC1ABA5AE8FCDD6EAD29958997E890744C0D28B554501E1D793AE0A9C"
"tests\functional\strategies\momentum\test_0021_calendar_momentum.py","8BC9C020F6FDAE46D8C925C41C804B8D18D5533A4FFF72CEC60E08423626CEA8"
"tests\functional\strategies\momentum\test_0022_dual_momentum_vortex.py","4A002D52963D52FE879265B80DD6D4B02B3488AB19A7D1A6E7D8E9B8B0D1F5DE"
"tests\functional\strategies\momentum\test_0023_lowvol_momentum_value_momentum.py","39FD95878F19F6FF5DDF2076E2872D70658DDF238DFDD7BCEAABB531E60B9CFA"
"tests\functional\strategies\momentum\test_0024_online_momentum.py","259422188A4B17BBD9A5FC355AD4830ACEEB097875AF8CD742AB660CB21A4F23"
"tests\functional\strategies\momentum\test_0025_esg_momentum.py","BB5C7606D88505156FFE6AD8D35EB3F05F42E2273227442E3764F250B98456FD"
"tests\functional\strategies\momentum\test_0026_momentum_combination_strategy.py","CEE93FE4376119BEAFF4717FC91758782BAD9C6F5294C4D6AC892570213A8800"
"tests\functional\strategies\momentum\test_0027_momentum_strategy.py","1C767CFF06126E02432B7D95458393ED2EF8A3EDD341D490480D935FEDF26716"
"tests\functional\strategies\momentum\test_0028_0145_yesterday_today.py","BE8686D6D2E0C0D24E368E141D506264CEBE7D7FA34552AC58709F36F284F61F"
"tests\functional\strategies\momentum\test_0029_0416_momentum_m15.py","4CC2989AD0577B89E02B48642FB0531B97AB16A38F623CD12FD2B6660D5E9490"
"tests\functional\strategies\momentum\test_0030_1029_color_zerolag_momentum_osma.py","85C748B8DF79F8405EDF8EDF48C8DD1F4083F912E41DCAA235F718BEB57CF571"
"tests\functional\strategies\momentum\test_0031_1052_elder_impulse.py","7D2CB3D8DF96FE61A2AF46A8D3C4B24FFA638EC0A19000D83F5D8CA269242847"
"tests\functional\strategies\momentum\test_0032_1054_range_expansion_index.py","FCE407EA3E3024DCE13DC21275BD3DCF27DED724A58D917088F58E53A22FB555"
"tests\functional\strategies\momentum\test_0033_1228_anchored_momentum.py","179D10838E89249786178A5A7AD606AFC2AB8A95DD029A55B5529D171A087653"
"tests\functional\strategies\momentum\test_0034_1255_blaucmomentum.py","572792E07620F61E7F5A802DD84955849D795A4564B609595B88BE67F3E5F203"
"tests\functional\strategies\momentum\test_0035_1274_colormomentum_ama.py","1B7CD7101680B95EBD58E1F41587E91B8E901AF8816C7D372E18CBF4BE54C902"
"tests\functional\strategies\momentum\test_101_rsi_long_short_strategy.py","A5C69E0C5B0ADE36FA6A6D26BE5FFEA93369E19E94C5B9272DE899C3637AE9F2"
"tests\functional\strategies\momentum\test_113_rsi_mtf_strategy.py","CCE85C59E27B289913C6AC038F4954D44064A2DBEB838825BF24A31F98D65E57"
"tests\functional\strategies\momentum\test_19_index_future_momentum.py","78C5FC67D4386DEFAECBCD3519AC6226D2FC1F928E5E6B83F3396C319B4F87AA"
"tests\functional\strategies\momentum\test_64_atr_momentum_strategy.py","E96BF22655C28FC426576D4CDA55663F4A139BE325A742054974B307A7A9D7F1"
"tests\functional\strategies\momentum\test_67_two_period_rsi_strategy.py","E393B917755C9CD7DF780A0F44FC8C1094E3E7DB859659C61370227F6E970A1B"
"tests\functional\strategies\momentum\test_73_simple_rsi_strategy.py","F46544BC3C3E0998028D7C1BB67F87B48EF357CC57EAFA7604AF5CAA68E71FEB"
"tests\functional\strategies\momentum\test_74_macd_gradient_strategy.py","DDB18D2105F52473E8B5B5C4369C00FFC873B5BD802353926CD79523181FE95B"
"tests\functional\strategies\momentum\test_78_percent_rank_strategy.py","C1AD975C846854140F45FEC1DB6E8D3FBB5CB305CC9324C2591391F4EBF93965"
"tests\functional\strategies\momentum\test_80_rsi_dip_buy_strategy.py","AC24E7AA52CE0A4FC38EEF4AFD473B638E10440A37EF20162E652E9FEAF2D395"
"tests\functional\strategies\momentum\test_99_momentum_strategy.py","93F26217BED2EBBF8C02FB532BCA4A90B5D100EF9769DD704B719CC0E558C2FF"
"tests\functional\strategies\multi_indicator_system\test_0001_0092_kaufman_efficiency_ratio.py","EF27FFCD166FF0B7E632110621688BE05BFF11498AA27B196ADCC1895D81BFD4"
"tests\functional\strategies\multi_indicator_system\test_0002_silvios_ea_best26.py","887D7E3D4CF4F30E84B3AA09012CC77E60C9951C5A521BD182081AAC84F8FEF9"
"tests\functional\strategies\multi_indicator_system\test_0003_indices_tester.py","FE155B56A8D220740BB11D643E4B910C2945CE1BD0B6DFAD44545DEA1A1B638E"
"tests\functional\strategies\multi_indicator_system\test_0004_quant_probability_ea.py","1FBBB15BD2D3A53FEE35AABCB78E0F1C82D2B50FC9A0753E88D16A3C6AEB0820"
"tests\functional\strategies\multi_indicator_system\test_0005_raymond_cloudy_day_for_ea.py","207789BB8057C77DB1113513A0C9773DBD8AD0C2221E2785971E790DF01A8BA0"
"tests\functional\strategies\multi_indicator_system\test_0006_ict_concepts_ea.py","BD3BA41971C350901BECA1109041258EECC8DDA8569452499FEB128429BD0723"
"tests\functional\strategies\multi_indicator_system\test_0007_day_trading_pamxa.py","A27ED62DB3263C926250069F928991929BD99B3423D0B2E588AC34DD9BEF93C3"
"tests\functional\strategies\multi_indicator_system\test_0008_three_indicators.py","8C8173F5C95C3A31385AB6809C7AE3C216CA207CCEF0A2FE63E8426C2A03818D"
"tests\functional\strategies\multi_indicator_system\test_0009_mamy_system.py","0EF46167213F2F26D486AA28310D746D6177B01C4DECA7DFDE43891C77386919"
"tests\functional\strategies\multi_indicator_system\test_0010_lego_ea.py","2B8D1D118D97C0829E8A09EFC7DBE801E245D3A23ABE7D4AC82BA02B1EE6D78C"
"tests\functional\strategies\multi_indicator_system\test_0011_mysystem.py","73250B366A50982909AA5E4DC884437D554961F85F44407488FB987790082130"
"tests\functional\strategies\multi_indicator_system\test_0012_arttrader_v1_5.py","0382D04CB172F3197C1AA9534B477C5339EF20800951A8AA0B8E42DE8AE16583"
"tests\functional\strategies\multi_indicator_system\test_0013_invest_system_4_5.py","D105CA65037C0B6AE3C15EF7C718BF8E598F55C3DD9C7451383D45797A68AC81"
"tests\functional\strategies\multi_indicator_system\test_0014_steve_cartwright_trader_camel_cci_macd.py","F74633B4DC1F0C779693AE9BED834F93A538390E4774F6633E1FF7981E26E2CA"
"tests\functional\strategies\multi_indicator_system\test_0015_billy_trading_system.py","02C4CFE2EF0B0FA273D6B4822AF5599EEB5C9330ED312AC227F4450BB5AFD1B2"
"tests\functional\strategies\multi_indicator_system\test_0016_macd_stochastic.py","6E1F5F6FE6165BEDD3790DC1B2F3BE908A6112D43170209EFBAF0C6A4502FE0F"
"tests\functional\strategies\multi_indicator_system\test_0017_harvester.py","CBECD318672216BD25105C70D8EE64B304B8C676B0390FA8348D3CBB4E9DD903"
"tests\functional\strategies\multi_indicator_system\test_0018_expert_rsi_stochastic_ma.py","D77FE78DB1E88F46BBAB66ED56A8B25726CECB68DC2A4852988F37CDDA056689"
"tests\functional\strategies\multi_indicator_system\test_0019_statistics.py","320EF10A216C09D75E83FBC513317D0F02A31C24CF64C6A6245235879708E616"
"tests\functional\strategies\multi_indicator_system\test_0020_mql5_wizard_macd_parabolic_sar.py","932273691790BFE1E79AF5604FBD3645080117BAFB76F20109710F4AD7C19F5E"
"tests\functional\strategies\multi_indicator_system\test_0021_macdcci.py","9FB94A1558D85742D61DFDCC66403EF296A3815B642ED442F2AF4D67FB2B1358"
"tests\functional\strategies\multi_indicator_system\test_0022_universum_3_0.py","7052C8BF468FBFCA068D9933D4808F69B6DD09EEC04AEE67D5CC3FEA7400FF2A"
"tests\functional\strategies\multi_indicator_system\test_0023_mtc_combo.py","13DEAFF889D86E3FFE2DD12240FA809FD13DA696471075186A9E06D5D9593C73"
"tests\functional\strategies\multi_indicator_system\test_0024_robotpower_m5_meta4v12.py","D5AA79CB243D64E59FEA4C0890CA1D2B944B1DFB3D92C83452D9CF4AA33FC9D0"
"tests\functional\strategies\multi_indicator_system\test_0025_day_trading.py","9E4C5952417525715AB43438F98306D8F9AC3B8AE92CD5BBE43A0FBFABE3FF5E"
"tests\functional\strategies\multi_indicator_system\test_0026_well_martin.py","1868E65090D41C52FB8B30B4DA85DA7F0C3D5CB72E6295EBCC6E37DB0B3289B7"
"tests\functional\strategies\multi_indicator_system\test_0027_sar_adx_sma.py","19F3A290DF2A240AD81BDC0E347BD7F90D8C82343123189EF30D783712A7CB1B"
"tests\functional\strategies\multi_indicator_system\test_0028_perceptron.py","ED24AF61B07D3D2CDD7036F74D51DBE9E88358A0CC99D9CA816B7342BB6F25C6"
"tests\functional\strategies\multi_indicator_system\test_0029_binary_wave.py","92B38B80D52ECD12524075F5802705ABC1A7DFA63C47561E76312D81CA71868D"
"tests\functional\strategies\multi_indicator\__init__.py","41D2C0B87B0782E5E20556410E72DECF8B215DFEF1C0D1076341B4F59F5BED05"
"tests\functional\strategies\multi_indicator\test_102_williams_r_strategy.py","AF1439A1059E95D166C8E6F13D4D162EFF96A62ACB56D87CB12C3C95528E0241"
"tests\functional\strategies\multi_indicator\test_103_stochastic_strategy.py","4E6E62AC7BB37936EEA8C6020DD19A8BC327B7CAD265723B8CE2E059CD59462C"
"tests\functional\strategies\multi_indicator\test_104_cci_strategy.py","451F44BA457D8DC4B3ACDB61709DA038B241C7836AC2960346321ED0045888C7"
"tests\functional\strategies\multi_indicator\test_106_parabolic_sar_strategy.py","BE4AB9D0949E8CA3F3AEA464E6DCFCE740999FFFC3AD5553820F766EC11B6247"
"tests\functional\strategies\multi_indicator\test_107_trix_strategy.py","C4B280AB766FED55F4512ED55925424CBEE6CCA410D6271627BF392BE6B82A14"
"tests\functional\strategies\multi_indicator\test_109_ultimate_oscillator_strategy.py","E920645BBD48269368B9C62F891CE03DE712A6FA66AF94C59892A2DCE0EE1236"
"tests\functional\strategies\multi_indicator\test_12_abberation_strategy.py","D8C909E9E9083E954E2AEBEEBFAA8E507AA59F46F84D9C2508A361A6B702EE27"
"tests\functional\strategies\multi_indicator\test_25_abbration_strategy.py","3200D6A6C61D1D922CF016E352A9CF1E52F350CB8E94D258581DC18C7B6D93DE"
"tests\functional\strategies\multi_indicator\test_95_udvd_strategy.py","AE69892B34D6B7B50C607654B1870FA6D79817C213A20A198F60E2478E2FF26E"
"tests\functional\strategies\options\__init__.py","79049888E905860270FC80562BD427A87353E2C4DEEF25CCDDBD1A39AFC319EC"
"tests\functional\strategies\options\test_0001_options_expiration_week_strategy.py","ACB428B2CD18851AC5F292C6EB4E43CF8CB12431B201601BDE4F1B68B492966B"
"tests\functional\strategies\options\test_0002_options_expiration_week.py","209B2B51182754913615322E09695BCDC7E5919286F1CFF438EEBB9995ECCB05"
"tests\functional\strategies\options\test_0003_low_volatility_options.py","541521129A848800B69ABA2D7A3494FD198B7BFC1ADEEFC62A690E2C47139713"
"tests\functional\strategies\options\test_0004_options_valuation.py","971EE69CA6B09C71F22CA2D51598A22D6C33DEF87F82704B5C3B2A484E69A961"
"tests\functional\strategies\options\test_0005_gld_put_write_strategy.py","673CB8B6268C4BA654B39D0DEA8E0BBF9578934AB8433D3319A0A323A17A7BB4"
"tests\functional\strategies\order_types\__init__.py","49A04720A4ABCBAB5592D3E970DDF30986C2D41B023352E97EAAA348CC1FA952"
"tests\functional\strategies\order_types\test_05_stop_order_strategy.py","6491DEEA2C13183409437BC125DD700E5EDA6057BAA7177945C2F028E03F1E89"
"tests\functional\strategies\order_types\test_37_bracket_order_strategy.py","A348ABCCDB87DEA2AD05CE5A459B5B6121B3695DCFF9B9B5153342831251B29F"
"tests\functional\strategies\order_types\test_41_oco_order_strategy.py","C26A64E6761613ACB52C4CD97E13FA497C01D8F1053463EF8F1A15AE54789CE2"
"tests\functional\strategies\order_types\test_42_stoptrail_strategy.py","BA81E55E7999205EA36FC1DA5B33D01566F7BB5D27A4DE49D0E2BF82E325B4CC"
"tests\functional\strategies\order_types\test_43_order_target_strategy.py","8E0772F961C272A952C5C12B82AB4D2DD3439C18DB2FC53EDC09E4DAF79BCE23"
"tests\functional\strategies\order_types\test_61_order_close.py","AF31FEA3071C6DCB5372A760EC63DA87B17AD7AE090757F0B3911C14CCE3D60F"
"tests\functional\strategies\others\backtest_result.json","ACADB5FFCEB4AF2501E365591A5BF3930B2DB7FAE5D610033194E4FD17AF4619"
"tests\functional\strategies\others\test_0001_gap_n_go_fade_from_50_day_low.py","D8C06E1BA36126739DDAEC88DF7D548172BA6FD30F0444AA50AFBF6C45311DF9"
"tests\functional\strategies\others\test_0002_monday_drop_bounce.py","126EC227997DE107066F1ED9833111378B6AC53A15B641781B516125868D8F88"
"tests\functional\strategies\others\test_0003_52_week_high_effect.py","15B5DF40AB069EDF772E471A22AC19E25CFCBA2056090312468D01B722D0ACC2"
"tests\functional\strategies\others\test_0004_multi_timeframe_trading.py","7A6A4CD57A9E451204BDCDB7C027A9BB8302CDABFD2F6480843C558E0E953555"
"tests\functional\strategies\others\test_0005_gold_aca.py","F8537A057C300CBA954AC303D82B3F60601D40481D8046F89A9D044C8A4A4950"
"tests\functional\strategies\others\test_0006_mixture_model_bottom_prediction.py","E53F4DCDEB24B7CBD16C30DE4DAA6DC01345B70857DF3C21C4AAB8D64A1491E4"
"tests\functional\strategies\others\test_0007_sgv_market_correlation.py","6D50444C78E69A20C3BBE768FEAC0A7AC5C9B8AECDB372A20571F2ABBB9E4D80"
"tests\functional\strategies\others\test_0008_market_timing_indicator_comparison.py","3A7D9A423A732650D85BC13AF48FBB4FC963E9CCA996C3322C1E06BD90D06B18"
"tests\functional\strategies\others\test_0009_strategy_decay_stop.py","D680C763A140DD5459D241D6E9F1320DB06CD57BEE5CF5712704DEF3AA58EE99"
"tests\functional\strategies\others\test_0010_intraday_momentum.py","B769181447B1D7FC30F103D95B7426C9F11E50A952BA65A3370D2389B56C0EF8"
"tests\functional\strategies\others\test_0011_simple_hedging_time_exit.py","92825B76FDBDE74CCCA8BAD1E5F990CB9EA813BECC8F3DDA3F576B20BF0C3904"
"tests\functional\strategies\others\test_0012_cbi_bullish_signal.py","8BE8CE2FA0F5A514440948D7B5C91F79FEBA8036DC043D9EE0402BF13D04DFAE"
"tests\functional\strategies\others\test_0013_dividend_aristocrats.py","F5538F6F4F6400C29E4FF1CABE06F586763D56FBC9F8843E02D57C00304C10C1"
"tests\functional\strategies\others\test_0014_friday_bounce.py","AE8AD98CF768F556B900E3B534434CA09F580008E8618EF5BA66586667EFF802"
"tests\functional\strategies\others\test_0015_breadth_divergence.py","850D97C4A08558CE9D77D3BA31DCE0C3A3CFF93B0D8E180EC34894E714ECE754"
"tests\functional\strategies\others\test_0016_january_opex_weak.py","EA43367ADF17F8AB04638BA75F0F67B984CC86AA38A63A8101C68A335D69E198"
"tests\functional\strategies\others\test_0017_omega_ratio.py","E61C9FA39A4A94CF916058F407676EE70C6FD1073B8C364E270CB98B731E5709"
"tests\functional\strategies\others\test_0018_zweig_breadth_thrust.py","52D13285B450212A3D8D738F555FDF74DA0BC3ECAC27979353F6506C767759D9"
"tests\functional\strategies\others\test_0019_pattern_detection.py","CFFFD6B43F3C455A37E1CBF7987C36CCE01A24DDC4EF93C644A6AE8F22E61D3F"
"tests\functional\strategies\others\test_0020_fifty_fifty.py","49B3BA7C89EC7EBCC8F2819C9A7C3FC7981963C229AFD0E65BFDA2FA738AE05E"
"tests\functional\strategies\others\test_0021_end_of_quarter.py","1B712C6DBF0091C6CD61EC4812DF549804BFFE60005B36D724E12B57343DA4DD"
"tests\functional\strategies\others\test_0022_top_wobble.py","79344E063D3495693DAC221920F5EEB025BBB35EA1A07B4938259AA8A9EED7B9"
"tests\functional\strategies\others\test_0023_modified_hikkake.py","A79006AEAE34E8F393AF5500499D837BF7F724728CD966A556F4E18BF1826CD4"
"tests\functional\strategies\others\test_0024_rut_spx_divergence.py","BFA39F7B93C84DA131F04B1CAA899AA39717CB4EE96565238F5FF13BAFB64C25"
"tests\functional\strategies\others\test_0025_memorial_week.py","D2D8BE26F9148A7891648237F1071868E7D06EE8D6F077DC407E619CC2726237"
"tests\functional\strategies\others\test_0026_day_of_month_timing.py","4D67708178967BC331C6533651BA17E50CFD36C87974DEE4C453D0C5AF968075"
"tests\functional\strategies\others\test_0027_swing_trading.py","739A05D0A19B48A3084B8F5927E115E8D58D189B518418068A85C2161B45ABB4"
"tests\functional\strategies\others\test_0028_wide_range_pattern.py","A9ED9320AB4471D241C607F58DA19336FA442E9348152B3C2066FD994F8C9C2B"
"tests\functional\strategies\others\test_0029_sentiment_analysis.py","5E8FB1ECA1BA4A62A210E21BA012191F1C24117F081108F0F9B60B7000769C3B"
"tests\functional\strategies\others\test_0030_unfilled_gap.py","7346AB4CC019E91B44611E17C73E1F3D8D13DAE0A326CE2C469FAA9D7DA3F423"
"tests\functional\strategies\others\test_0031_end_of_month_treasury.py","2A858C18DF48C4E8AE3740173AD348DB3A7DBDFBF4D1650FECE5E89AA322C52B"
"tests\functional\strategies\others\test_0032_indicator_period_optimization.py","78070DE91D70EFE8924AF1A58D0BB8A081DCDC29EA95B067D3F372473E7618B8"
"tests\functional\strategies\others\test_0033_distressed_stocks.py","267FAB5331B17A11C35DC3A1933B1F3BF65114D28067AA84B04B8FBDAB7C161B"
"tests\functional\strategies\others\test_0034_skew_kurtosis.py","0F1962338A7A2A0198CE3118BE1431E7B3436E77DA731181049F92DFB433DE5D"
"tests\functional\strategies\others\test_0035_consecutive_down_rebound.py","2ABD9988AFCF7292FA20F93D6BA8BF23F3A029A03F265B9E02E4896872F2BDEB"
"tests\functional\strategies\others\test_0036_gap_down_in_uptrend.py","B719B529C6E4E48EF3504852DB8E4D0C81B2368AEEE52FEEEEF549BEDCB2EAB2"
"tests\functional\strategies\others\test_0037_overnight_intraday.py","4957CF2D757D2972DFFA235CCE9F5F71AA8E52AB7F7B8F0FEEEF1764CFE839E3"
"tests\functional\strategies\others\test_0038_big_up_month.py","BF07A393B58C54FC12FFD0239116B82D3704A3664AFC7AB195664316BA97AA98"
"tests\functional\strategies\others\test_0039_exit_rules_testing.py","6890FF6DDE24339753609238B124003C79560C7B6B492485DEFCCB196082568D"
"tests\functional\strategies\others\test_0040_gap_down.py","B825BB5D03F4B1A65761AA722533C2083541A6C0B277ED6D8396ABE2D91C19A2"
"tests\functional\strategies\others\test_0041_market_neutral.py","CCA48427F6A5A8E9AAEDC8B5575357AC87EB8B383E220CB5BF3B353F411F08DD"
"tests\functional\strategies\others\test_0042_probability_cones.py","C3E2AE414129666164AC10498477217A8A5FCBBDD59E9DC8496DF6F86DA0F21B"
"tests\functional\strategies\others\test_0043_dead_cat_bounce.py","F4139BBA9660E8D133863B41402A4568B78C730048DDC0B4EA62A87FFAA3098D"
"tests\functional\strategies\others\test_0044_cheap_stocks_factor.py","872C6BBA29A660DF346525B43E0ADD3C96805DA680D4A3047170FCF289BF721E"
"tests\functional\strategies\others\test_0045_overnight_sentiment.py","5DFE84138C41E934C11424E0E14EAF4A2FAEFCA2D80EE79F056173E6B0B462CA"
"tests\functional\strategies\others\test_0046_markowitz_optimization.py","6492CF9D90CAFEBF1FFC0F68E3C3C9B87DBBC16D6D988D3718944918F535F192"
"tests\functional\strategies\others\test_0047_global_growth_cycle.py","A2A5483663F4AF3AB8A82A6994BE7AFD7ACFE6617D06969BB49C8DD2FBE17946"
"tests\functional\strategies\others\test_0048_long_short_equity_strategy.py","D6BC8E7296BD7728D265FBEA642F51ED364300AD5A12535D929E9CBEE618B899"
"tests\functional\strategies\others\test_0049_january_effect_strategy.py","29EBC81151408077D463D96E3B7D3D9BEFA5440C249F75D8EAA8BB3065DD671C"
"tests\functional\strategies\others\test_0050_ulcer_performance_index_strategy.py","871334CD452DAA2D7856565281D3B7605670EBD5DD79F693E95A329DA7928EFA"
"tests\functional\strategies\others\test_0051_short_term_overbought_downtrend_strategy.py","CA55BE81EC2C9292BF79568644702EFC98C13CA92E8E6CF95CEABFD673B75162"
"tests\functional\strategies\others\test_0052_kelly_optimal_f_strategy.py","7FAF3F717994C358CC261184E35FB2619FE8ACBE6BFEE6C20A2601000FA0BCE2"
"tests\functional\strategies\others\test_0053_high_inflation_factor_strategy.py","D9080D671EDECC7A78CDD2852DC377826DC6A8FD33D3C771398A8837A1862F55"
"tests\functional\strategies\others\test_0054_lrema_strategy.py","0BC1D11E402DE81A9C10F7816021EFD1D2251E44262EF1540001B04734091718"
"tests\functional\strategies\others\test_0055_som_investment_strategy.py","72144EDAA431C8C41445BF675B858C411F69B7075FECE9FD51BE8615D255A066"
"tests\functional\strategies\others\test_0056_hurst_exponent_strategy.py","29037CDCE023F7B264ECE18889549DF4F4CF03E99F01CEA327509B6DB9646D39"
"tests\functional\strategies\others\test_0057_market_cycles_out_sample_strategy.py","DDAFF302C5080F7AA3E99DA4E92C24A1DFC277E1C20A3BA2DCECE43D4D38D62C"
"tests\functional\strategies\others\test_0058_factor_market_cycles_strategy.py","E5F3F54418F8ACA6B8F1CE440C97651AE1BBF600E1FFAC2A2242B019569351E5"
"tests\functional\strategies\others\test_0059_avoid_bear_markets_strategy.py","E7E3563B99CC0ECA82B6769A65B89B389B0FD7FCA1CDE6D03523121BBB816CE5"
"tests\functional\strategies\others\test_0060_turbulence_index_strategy.py","60C42CD2E3241ABD2EDD6FBC14D1E674441C65026AF2368D780BB6BAA30BA66B"
"tests\functional\strategies\others\test_0061_latent_trading_factors_strategy.py","7081079BA213DB314B63C5476C38F315667A74BCE1D0087F12919BA819888D6A"
"tests\functional\strategies\others\test_0062_signal_quality_strategy.py","A9708E9895F95631AB41BD8AB50728316C8739D9D98085E33EEA727E12653AFA"
"tests\functional\strategies\others\test_0063_treasury_return_predictability_strategy.py","DF79A859131D09575408DBF2FD3A5818B104F5BE6FA97EE318AAC859176E1581"
"tests\functional\strategies\others\test_0064_country_valuation_strategy.py","6F3F366BC2D72CB035FA136BA6524DFC7C9D0191B36BC62B3F676A9830C85485"
"tests\functional\strategies\others\test_0065_military_expenditure_strategy.py","49A731C099E46274D959465212A7DBF7F240430900655E3204A16E77FB25F9AF"
"tests\functional\strategies\others\test_0066_macro_data_strategy.py","D261436F17DB03BA2DC2FD5A204610EB5ED577C389C2D6D577433155CB511504"
"tests\functional\strategies\others\test_0067_correlation_break_hold_strategy.py","DBBF95B57FF859A93EE9C18B9A58C53BDC0B7BD3493B7D88B3F306B45CD8B624"
"tests\functional\strategies\others\test_0068_first_day_month_strategy.py","BF62BFF50D0ABCE09D864EF71ABB65D87D71E3A8CC112255CA9B5268EBC05871"
"tests\functional\strategies\others\test_0069_leveraged_etf_strategy.py","FB680528C4E48B8D6F2B1316F6065A903DB56530F3D45D3089EC4633E4244CC5"
"tests\functional\strategies\pairs_trading\__init__.py","3984483AF9D692487321A25C7C5AFA0A8C66CA610B4C08AC207BE5A54EA6D17E"
"tests\functional\strategies\pairs_trading\test_0001_gold_kalman_filter_pairs_trading.py","644E9696E0835EC9E89C692F0AF6BA100CBE9AAF426FBA492B54C7C19EDC10DF"
"tests\functional\strategies\pairs_trading\test_0002_gold_silver_pairs_trading.py","93A3812DE22A430BBDA1EA10B55F94E193E5C006163B268C3F2F61BA72C7796F"
"tests\functional\strategies\pairs_trading\test_0003_gold_cointegration_spread.py","8522B3864B117D80523FA8765AC92D665562461C13A7C7E5A7746C6698C848DF"
"tests\functional\strategies\pairs_trading\test_0004_gold_multi_pair_trading.py","B83A114FB5B31878511142F27800D34E9850513EA001B269BC776954441499FC"
"tests\functional\strategies\pairs_trading\test_0005_zero_crossing_pairs.py","F461E30FBD9992598911B16AD67C836C8A16B6420B96FAA047C103B4FC914E0B"
"tests\functional\strategies\pairs_trading\test_0006_cointegrated_gold_silver.py","53EED71FCE2A1AFE08215E31A1A62FA6C5FAA1821DF8478260D0FCC6369DF220"
"tests\functional\strategies\pairs_trading\test_0007_copula_pairs_trading.py","9B6DBA24CF0EE655139F2C7348D12144A9BA85CD44FB760D965C5F60F539F32F"
"tests\functional\strategies\pairs_trading\test_0008_pairs_trading_strategy.py","A298AE78CF50398FBFBE674E6AC8639846E917F9F49B57942AAB7F2604454455"
"tests\functional\strategies\pairs_trading\test_0009_practical_pairs_trading.py","126B9BF010EEA789E2DFA0DC7CEA1269D17207BEBBEB39941E37EF5C59EBE640"
"tests\functional\strategies\pairs_trading\test_0010_pairs_trading_basic.py","4E6052100C96D5755171A6B11E3B2FEF05EC2FCDE13ECAEF25A4ECAED05098DE"
"tests\functional\strategies\pairs_trading\test_0011_copula_pairs_trading.py","1E323E3B26811F55786B4CAC37C0978468B217C4AAF3D3074AA7E43D192573D5"
"tests\functional\strategies\pairs_trading\test_0012_pairs_trading.py","86665B43281D6858CDE796BE7AFED29924A014D284647E14BB79E774F21F9387"
"tests\functional\strategies\pairs_trading\test_0013_distance_pairs_trading.py","0D9A99D375E24BA7AA54D514EAC786B1B69CFC59999A412F0663E474C634C989"
"tests\functional\strategies\pairs_trading\test_0014_cad_crude_pairs_strategy.py","C228D58DF99B2C83B0AAB2921E3BE097EE14A02AABFE46DD4F2F53AFEADB5592"
"tests\functional\strategies\pairs_trading\test_0015_renko_kagi_pairs_strategy.py","EF8C962CFE5DE5299A7131B705E8969E43F68F2E4F9F836AED56567D55C537B5"
"tests\functional\strategies\pairs_trading\test_0016_pairs_trading_strategy.py","FAD3922A106E779DB1F82336A8C8D8249B9D4D9CBEC1D993F21F01168F627409"
"tests\functional\strategies\pairs_trading\test_0017_0152_lbs.py","B6461629F82F1DFBDF261AD904B2F9B2E966D55913705038B7F8267BED3CF34E"
"tests\functional\strategies\pairs_trading\test_0018_0548_pending_orders_by_time.py","52FECF72F57516F50C540C25F9002CCD84067CAB6013BA99F624E249C299C40D"
"tests\functional\strategies\pairs_trading\test_0019_0549_ea_trix.py","DB8535A7E98B9C003146D615F4B34F5400A487AC61F6BE20B83D5BD0281A353E"
"tests\functional\strategies\pairs_trading\test_0020_0765_simplest_hedging_ea.py","DDFFF89D4BAA8A1A77EC467B3E9DAB09B674606D43E5ABE6B28F6C47BA4F348E"
"tests\functional\strategies\pairs_trading\test_0021_0924_laguerre.py","737D02C9D70AE4AD78A2C8DFC10BA245912CCD3504CC47301DE70F53B4E77F42"
"tests\functional\strategies\pairs_trading\test_0022_1141_vlt_trader.py","6BA04BF7ED9095C2D389C1FA73996288103F373B14B871FDA85B479BEE75458A"
"tests\functional\strategies\pivot_fibonacci_system\__init__.py","FA6C69B682901E435E7AA6219C899934C852C9CEB83CBA135564D39BF3C2F8FD"
"tests\functional\strategies\pivot_fibonacci_system\test_0001_mostashar15_pivot.py","1C0F9EA171630B1103231214C3BDC9A9E637DD239E701B221D238D53399D0B81"
"tests\functional\strategies\pivot_fibonacci_system\test_0002_simplepivot.py","4F93851B8ECE2B3A06822C2E82667C78F5C0559976C75348669E5E7DE5407D59"
"tests\functional\strategies\pivot_fibonacci_system\test_0003_pivotheiken_3.py","7967BE686947C796B67A01F0907A863BEC63BF356C0E798E306D9353AF960C15"
"tests\functional\strategies\pivot_fibonacci_system\test_0004_fibo_isar.py","9ED16D1DE9B91CC658AEC9E2B8B1449DB30FD535AC9612383F9932D057F8337C"
"tests\functional\strategies\pivot_fibonacci_system\test_0005_fibocandles.py","287343C60A8E2A69254AC24335884801C590AA400D10B90E89733D8132C24791"
"tests\functional\strategies\pivot_fibonacci_system\test_0006_volatility_pivot.py","FD9DD29CB4631F391788B1F6AC8CFF4D92492E524926658D6B4B9BD149C76D82"
"tests\functional\strategies\price_patterns\test_0001_0033_simple_three_inside_pattern_ea.py","ADB62985FDA4998858EF042AB4824A868A68A6D8AED9A085E72B8C47342C688A"
"tests\functional\strategies\price_patterns\test_0002_0343_exp_xperiodcandle_x2.py","F4C297AE1C0EB31AE30CCE7CDA8F6FBBB7864D75E96FA4557CAC00B63AA47881"
"tests\functional\strategies\price_patterns\test_0003_0344_exp_xperiodcandle.py","102FF3E6A8A71E7F99F13565548868973E29C68E485D914077C78B56BC0BB7F4"
"tests\functional\strategies\price_patterns\test_0004_0380_executor_candles.py","24C809D4A71F02C57B843AB6E4C7476CED734ECD67CE6CD951C44809C0E4039C"
"tests\functional\strategies\price_patterns\test_0005_0495_doji_trader.py","12B3EBE6F4608D3BE2F8F89D42B4B52ABA80AC983E226C7D437F924A3206AC51"
"tests\functional\strategies\price_patterns\test_0006_0510_n_candles_v5.py","75221A64EEF0FF4C6AC6342CBFB7472C6F1AB761224A177AC9FF142C03047915"
"tests\functional\strategies\price_patterns\test_0007_0581_n_candles_v4.py","4994027FE9C0A0D8A5547C458DD3388B2BC67945B71916D9DD3A6322E299A737"
"tests\functional\strategies\price_patterns\test_0008_0584_n_candles_v3.py","B5F6692268726BAF417A5EF3691AC93B82D52DA60E8931B2D3C3BF8DA5403DF6"
"tests\functional\strategies\price_patterns\test_0009_0587_eveningstar.py","11425427FF145828B4F105D83F70F0A6CECAD973934CE7B54559F02171BA8A6F"
"tests\functional\strategies\price_patterns\test_0010_0588_bullish_bearish_engulfing.py","E66A17C330C4AEA1B478D197FD4B8C427971FBF7574C8C6AE098417E5CB9ADDD"
"tests\functional\strategies\price_patterns\test_0011_0615_n_candles.py","445CC51571BCFBBB846D88661CD4BE99FA7337C12031FFBF15E8EB0F3C06F64C"
"tests\functional\strategies\price_patterns\test_0012_0617_candle.py","50F30996FD978544B106D4A736E4E6AEEFA33E37FF8C101A7BCC0F648C22531A"
"tests\functional\strategies\price_patterns\test_0013_0843_candlesticksbw.py","F1D666991B809E37EF4CAD3D6B784C8E1EE59FC494578FADE14EA2832D052062"
"tests\functional\strategies\price_patterns\test_0014_0923_3linebreak.py","9EE5584795FA314CD139EE8A85AAC5E2E4667910E7ADD2C895C54546E9DD0E4D"
"tests\functional\strategies\price_patterns\test_0015_1204_heiken_ashi.py","EE69F89712729729F04B56B2C82BE250908E2316B5BA0340800FF4DC4F402E9C"
"tests\functional\strategies\price_patterns\test_0016_1236_2mohlc.py","3FE033F71120A601D9DC9D4BD846DCDF2280234255000E6D1954F08B48392ACD"
"tests\functional\strategies\price_patterns\test_0017_1311_darkcloud_rsi.py","BEA113497BFA96F2A56BCC00D9E00C5A867762B02350DB9A7D9FFEE380753375"
"tests\functional\strategies\price_patterns\test_0018_1312_candle_stoch.py","981236B807EC4DA96A551E98EB9FF267079CBB5FDB388AB27586CD7CD296E54A"
"tests\functional\strategies\price_patterns\test_0019_1318_morningstar_cci.py","12DD1F3CCA7F8FEB68581D5B487200F6A2086EE6F05F5866018653BCD306F76A"
"tests\functional\strategies\price_patterns\test_0020_1319_meetinglines_rsi.py","D5052ED7EE20F192C309E851D04DF28AD209A49D0388C6118CA85B8657FB6144"
"tests\functional\strategies\price_patterns\test_0021_1320_meetinglines_mfi.py","2DD4ADD2E0EEF39B98DE58B0F97A260127899134732AC158B027FFDA96CE95CF"
"tests\functional\strategies\price_patterns\test_0022_1321_meetinglines_cci.py","C4FB2FD81B0587C9C164DFD6D6C224856DE1F0B023FBCB1D9BE16BAB3619279D"
"tests\functional\strategies\price_patterns\test_0023_1323_hammer_rsi.py","B9500054A12FC12A75AFA4324C318167DA48EBC562165E645A11D04C3C379BDF"
"tests\functional\strategies\price_patterns\test_0024_1324_hammer_mfi.py","49C8F8D52884CDBE0F5FBCB02842E3EEDF598EB9FF2292DE1535C75C86C1F4A3"
"tests\functional\strategies\price_patterns\test_0025_1335_harami_rsi.py","12872A2381E4A90286212EE3DE3592D0C59EE0F9F9A3EBC44EAFF96912DC2BA5"
"tests\functional\strategies\price_patterns\test_0026_1336_harami_mfi.py","E658A2DA7558F28A8F705D45984F69987E02BCB717C52C1E0B812EA4CE3C875D"
"tests\functional\strategies\price_patterns\test_0027_1337_harami_cci.py","52EB4555628C43468BDF9B86543671DE8EAC0DEE90300FE0897807309F341A61"
"tests\functional\strategies\price_patterns\test_0028_1339_engulfing_rsi.py","EA84DB4C738C0792A00180C9C0AB8FF14E9B729EF07F6506B8AABF69FC2CFC2B"
"tests\functional\strategies\price_patterns\test_0029_0002_price_action_intraday_trading.py","2E5AC16CBECA6A979B373AB1A75EFC1A8454399D2FF59FDEFA5474258191B6B8"
"tests\functional\strategies\price_patterns\test_0030_0014_simple_price.py","F3CF4949186AFB6360E3D07E998955AA7979E22EEDD155BA43A61ED23D31D80D"
"tests\functional\strategies\price_patterns\test_0031_0359_price_rollback.py","224732DA03F724110F597DCC3E757B9D33C33A59CB362F30FF0FC8F274CED342"
"tests\functional\strategies\price_patterns\test_0032_0716_10_pips_eurusd.py","04B835B2C39BE8F3B3568B5EF4745708502536C00A75CD3E4260DBAED0B81A74"
"tests\functional\strategies\price_patterns\test_0033_0787_open_ticks.py","C3A1C54F3658975733FFC4660B2EBAEEEF51CE093DFAF751BD480C3C9A110472"
"tests\functional\strategies\price_patterns\test_0034_1061_exchange_price.py","80C5D230E47B4406127AD3E2484731581C356AA82521E06DF52DB6A6B8B307F2"
"tests\functional\strategies\price_patterns\test_0035_1077_simplebars.py","98EDB788C033812D114AC2CE8A0969769F97AF9460E1D39C06D6C3480B2335B9"
"tests\functional\strategies\price_patterns\test_0036_1234_adaptive_renko.py","CEFA9326D4AEBF3AED98458F4E0A5EAC854D0253560C2C02F8F3A9F636B3BAB6"
"tests\functional\strategies\price_patterns\test_0037_nr7_pattern_breakout.py","969E774CF922BE645A4F6765526C2F15DEDE7B6E4DE1BC7F6E0803EC985EB04E"
"tests\functional\strategies\price_patterns\test_0038_nr7_price_breakout_entry.py","670ABBB742086A63287434E46EE7424CA72B81263F4A39825B964CF4C28034C6"
"tests\functional\strategies\price_patterns\test_0039_nr7_breakout_filter_exit.py","141013C106B944E2AB9A0A60A1A3C8D440F8ECAC9FAAA50E429F1F8EBBF46DB3"
"tests\functional\strategies\price_patterns\test_0040_0195_support_and_resistance_trader.py","B14377E0EBD269F7186114CC49B504A49A6C2EE19DE10B713EC4DE44612438E8"
"tests\functional\strategies\price_patterns\test_0041_0469_close_price_fractals.py","7B76C138AAD5AA80B638D82537773FB0D744A1CDFDE8F2716C5B9B3852E571A7"
"tests\functional\strategies\price_patterns\test_0042_0537_e_skoch_pending.py","18436C2412DEF4768412AD18B27765A71C1E7E98834BE0AA17AA6CB771708FFF"
"tests\functional\strategies\price_patterns\test_0043_0597_fractals_minimum_distance.py","7B986F97CCB6A08B1586CA863FFE0AC1009DDFA09C864171F96BA1DCCC0D8F32"
"tests\functional\strategies\price_patterns\test_0044_0853_darvasboxes_system.py","AA357497104878655309F7AD967D48AC3F72486BF56554AA05126F092946BAB5"
"tests\functional\strategies\risk_management\__init__.py","953EA2C9153CAC1D51C5AD94DC3ECB792741A631BA9352528360473C4DDEF995"
"tests\functional\strategies\risk_management\test_0001_probit_risk_modeling_gold.py","FD8B405EA97F9D53FE6FC365F97D146294B13B1F210A5C7872B7CA229A872B9E"
"tests\functional\strategies\risk_management\test_0002_gold_multi_market_hedge.py","E7C8DC6FC3C423D0530EE1BF1D005FEF32E9C68B31356930B7ADE7144A03E0F2"
"tests\functional\strategies\risk_management\test_0003_tail_risk_ma_warning.py","0360B019EFBA3C4375F6F70C400B884D1C16F138BA7AE6BD051AF21ECFA366E8"
"tests\functional\strategies\risk_management\test_0004_drawdown_protection.py","44D398542D32D4FB0572B11C3E6057596BBCDC5BA5DFDC9CF3C920064A7A0AEC"
"tests\functional\strategies\risk_management\test_0005_bond_risk_premium.py","6FCBAE4A1D3F776AD75375499577B7D1FCC1834F142DB4D39481076CF83ADABA"
"tests\functional\strategies\risk_management\test_0006_managed_futures_hedge.py","FBE55B32FB6D454191DCA175BC326ABE51BD5BF2097D697C2A788E3BD934F39F"
"tests\functional\strategies\risk_management\test_0007_crisis_hedge.py","220F94331FDF724B711713BCC1B82A4CFCA8FFD88433FDF46EF17992A0E9B053"
"tests\functional\strategies\risk_management\test_0008_risk_on_risk_off.py","4FB47778DF051DED3FAA16C470FE62AE72A4E87E56755675FAD9DFACD10A54BB"
"tests\functional\strategies\risk_management\test_0009_risk_premium_value.py","E3A1EACD9529C0906433E072E7CFB56223BE425DB1CB0B1ECD1508E34400DD4D"
"tests\functional\strategies\risk_management\test_0010_grid_trading_delta_hedge_strategy.py","70B63ECCDDF94578F268CF229DBFCE5C4D3506A35316E57A2BCCD997DCA56A37"
"tests\functional\strategies\risk_management\test_0011_0040_moving_average_crossover.py","7692EACD52DDBF9C9E8F6A5FC1E9CE12ED22A2215DA253342542FB1000ED60AE"
"tests\functional\strategies\risk_management\test_0012_0150_smoothing_average.py","04BCCC58B8BFF5FB7D9AB709230F3E3F8BCC50EE52FA85CDCF144F8F29C92B24"
"tests\functional\strategies\risk_management\test_0013_0300_crossing_moving_average.py","FEEEC068C22421186F3533AC4C6B0F9E01612A9A39CAF2B04AFA2D1E1BCB99BF"
"tests\functional\strategies\risk_management\test_0014_0375_modified_moving_averages.py","1124ECDDECAD8F137C00C1CE8368C592BAC56C9AD12AF43270D5CA5C5665C18B"
"tests\functional\strategies\risk_management\test_0015_0407_ea_moving_average.py","EF257A45B84E4264A2116601D5F2776C5424EF7B502120D27FB2926BD9E988EF"
"tests\functional\strategies\risk_management\test_0016_0705_moving_average_trade_system.py","F6D536AFFDE0E7D3D4A3D09A8120552652E77C4D0C14416BB646A7300845DB32"
"tests\functional\strategies\risk_management\test_0017_1120_moving_average.py","0958A6E6545DEE6DCB7F0DDC3AC4A8C31CF3EA28483D59126EFB2847CD4D66F4"
"tests\functional\strategies\risk_management\test_0018_1273_corrected_average.py","8114647683DEBEBB6F0E397EE66C4B4EE070B5D1681CB6FC17E597998C8D9045"
"tests\functional\strategies\risk_management\test_0019_1276_movingaverage_fn.py","BDE6F61D5CFF2D8039640214F2CC109C9EEE5567EDA841FFD4CF37D667BA65B1"
"tests\functional\strategies\rotation\test_0001_gold_asset_rotation.py","E03CB2E1CED364B8EEAFA1AC4667A5E2CE7D7CA28B1655023F27BC64DDA0FD4B"
"tests\functional\strategies\rotation\test_0002_safe_haven_rotation.py","1F04B867EA54C0609ADE70EC4CF78F70EC8EC0E5537E515CA88572A46CE8C457"
"tests\functional\strategies\rotation\test_0003_timing_bond_rotation.py","D4F84FC0FBBD9ADB9C79767FB432690FE0B1EC70D1F7E41D26B004E582D81D4E"
"tests\functional\strategies\rotation\test_0004_monthly_rotation_ranking.py","29F3E1601413722A7DCE5EC697A8E6DC3173479CA5564BEBA8330231BBECD690"
"tests\functional\strategies\rotation\test_0005_three_factor_etf_rotation_strategy.py","30B2FE30038B14602C59D8CCE0599FB39D1A346B73B7312F054A9197852F5154"
"tests\functional\strategies\rotation\test_0006_rotational_trading_strategy.py","BC69D6BE702ACFA56F990ED43E601637A4FCE3253C2C3188A639B24B4DE56966"
"tests\functional\strategies\sentiment\__init__.py","17533831CDF47A98D57089B842B137726C172749859740C322BC37F81947F2C1"
"tests\functional\strategies\sentiment\test_22_fear_greed_strategy.py","86CBA010679889472F0A164A72586F56C9B98874A2F8B24280607E44171DAA83"
"tests\functional\strategies\sentiment\test_23_put_call_strategy.py","F65A32366E5249D27DF6270BFD0FB6B0EBC298DCE59340ADF2AD9651F8299FAF"
"tests\functional\strategies\sentiment\test_24_vix_strategy.py","9934805F80CD4BE57D403C25A6F292057E56D4AB5789CC2C514C1C1E56285293"
"tests\functional\strategies\sentiment\test_33_btc_sentiment_strategy.py","A2938F284A6FC62EBB203646451A4EFAA7FB02AD3526A291B91E7A3AC8DCE218"
"tests\functional\strategies\special\__init__.py","DB3EB263B2C783A6F0D0D83A529F9C73A26EF6FDC25A28181F9419B7EF7A7E98"
"tests\functional\strategies\special\test_01_premium_rate_strategy.py","13B7773146DE1C3BA296E3433C0CA88C8718A733CD37720028779538AA8A6237"
"tests\functional\strategies\special\test_02_multi_extend_data.py","0E5BC03CE07D2767327F2AB2DF394CCC3D9E76B28A9DD6B41F8D7043B0DD99D8"
"tests\functional\strategies\special\test_04_simple_ma_multi_data.py","B36412E5375FA690169F6C2CCFC3280D303965C97B651654A1E7E1F7FBB16168"
"tests\functional\strategies\special\test_13_fei_strategy.py","B0BD4547BF244FA064436FBA65AE399AF3880B4FD5CF252F72D80555D1F2EFBE"
"tests\functional\strategies\special\test_14_hanse123_strategy.py","13C5671DF894A9CEDA4232EED2CEDCCC3A2ED003A5F0F4ED2B5C01198A463E57"
"tests\functional\strategies\special\test_18_etf_rotation_strategy.py","8CD7610D89A6C9E8A103D150652DAC0C501EB4EE93AA4C96590BBC2C2C042137"
"tests\functional\strategies\special\test_20_arbitrage_strategy.py","D051D7845B492FD0DABF22A2496FE9DC59EE0462B1847C0FBFE29D5F35694157"
"tests\functional\strategies\time_based\__init__.py","C5ED97E40709BE82BF549680EF32D07DBD8934F6492A31C17DC59D18E092EB49"
"tests\functional\strategies\time_based\test_0201_self_similarity.py","3C3097A1BA2A4D0FB2B502E13FCEBDC5F2E750B25EF0655E2CB6D7CB0AD843B7"
"tests\functional\strategies\time_based\test_0202_fnn_embedding.py","E6AFEE8C2DE3F6485BFF77F0B06C9A99609254DF32B58AC60D37C369EF0A8D4A"
"tests\functional\strategies\time_based\test_118_data_replay_bollinger.py","036D77A014B91957D05F782EDF820A39BD007B7733ADEAA8063A106F1131C0F2"
"tests\functional\strategies\time_based\test_119_data_replay_ema.py","1A2940580188D63C7C68184D07D626BB05558A2D19E9F1BFF7C3FD66ED84C0C6"
"tests\functional\strategies\time_based\test_120_data_replay_macd.py","B64CC55AE576B88161143D00E34E3BDAD16F45321CBDCBDA9475932E32A4809C"
"tests\functional\strategies\time_based\test_52_data_pandas.py","92A4640A44D1F0C112AE1EBF3C19077E5C2E1B3978930D7D4EFE11AE9BA7FE32"
"tests\functional\strategies\time_based\test_53_data_resample.py","E1494AF7785D70C2941744EAEB01C0E1EFFB92DFD7AE06FBC40065348BBED135"
"tests\functional\strategies\time_based\test_58_data_replay.py","86D29AD1088A2BB16A60EF2291F1A725985B97334DAC98A17FB20C979B7B489C"
"tests\functional\strategies\time_based\test_62_timers.py","047ACA610FB36C74051D6348360D0D34557203ED854E78CC3F378B51DD4BE890"
"tests\functional\strategies\time_session_system\test_0001_simple_pending_orders_time.py","3C2E0135816C42946AAF07BC6E664BD5C7AAA15DA22138A6009BB7B1A69AB1B2"
"tests\functional\strategies\time_session_system\test_0002_night_flat_trade.py","2291CA2BCDDF52E9D32445EDB1BAE6D61BA53FA1FB6D345B8124FC7311B9CEA0"
"tests\functional\strategies\time_session_system\test_0003_opentime.py","46666E9C27831ECC0793E18467C7C52CD045A037AA94F07B164E62D3570653F7"
"tests\functional\strategies\time_session_system\test_0004_21hour.py","FB62C15C8616CC1094045872283E5530A21D0D306AEAC8C4C52F56E59BB9EB00"
"tests\functional\strategies\time_session_system\test_0005_opening_closing_on_time_v2.py","8A0CCEBA6991764B0F6FAF19C8858E9A8C26C10D46CB9D7BA97C4F524E7580A2"
"tests\functional\strategies\time_session_system\test_0006_times_direction.py","C16BB80150DC0D4D27864DBBEF493B5A40627409CE416455713E7B804ED635FE"
"tests\functional\strategies\time_session_system\test_0007_open_close_on_time.py","B07E2C3C50E0D9EBEE83A6E7F7F354024D01D18C20A525069B4EB867FE5803AB"
"tests\functional\strategies\trend_following\__init__.py","E836116ED0F9AAEC31C7B2701805A5F01D52E327FBD850F95B889E5B02DD6C0D"
"tests\functional\strategies\trend_following\backtest_result.json","164B33955A21F44E98B2E75A23EEEDFD2366EBC166F2375268CE75B4DEA4A595"
"tests\functional\strategies\trend_following\test_0001_sma_trend_following.py","4A669CA7BD813860F6A20D51BE1AEBD00089208C8A7B2BE24662DB74DAAD1192"
"tests\functional\strategies\trend_following\test_0002_gold_hmm_trend_following.py","8951ADA8FFF32AD7AFABE30264A2BC48A9290AF4B7F2F11041B3934BBB78A728"
"tests\functional\strategies\trend_following\test_0003_risk_parity_trend.py","1FEB1D6BFA16288A1FB62B1342CEEC363250C2B5BCAE12FE85A8DF0B695F402C"
"tests\functional\strategies\trend_following\test_0004_decomposing_trend_equity.py","FAE8644B14CD5EA071941C18161414C8C705B04287A5F144C12014B4CD1EE8EF"
"tests\functional\strategies\trend_following\test_0005_trend_equity_decomposition.py","563F95162A8154DB85D2320C4027CC017777E76840F8D52A0D33140DC79F960A"
"tests\functional\strategies\trend_following\test_0006_trend_equity_primer.py","034E3F7BE519D2E84C44B1458387E00A7893E448C99E6E1DD3D2521BAEC8E2CF"
"tests\functional\strategies\trend_following\test_0007_trend_equity_strategy.py","DDA5C6F92DB29F82BC32BE35701142684FE358074A4B072402A7D42A6E8EADBF"
"tests\functional\strategies\trend_following\test_0008_trend_following_macro_strategy.py","15231E090ABD54D901734F611F82FF3FC5AD74EEE2AA9A6EE000478134F9161E"
"tests\functional\strategies\trend_following\test_0009_crypto_trend_following_strategy.py","6E75DA0AFC9D3F19BFF542301A6BB014756FCF890F6D0A55656A8239847D2308"
"tests\functional\strategies\trend_following\test_0010_mean_reversion_trend_following_strategy.py","DE161217DA7EBB83E573058C99F58369597C962B49C2E6AA3B7C5BD5F3E4D533"
"tests\functional\strategies\trend_following\test_0011_fast_trend_following.py","AAF69080103C61F0A6D7AEFDCF2FEF2F2B731FD88F9BA7B4E814A801F212AA06"
"tests\functional\strategies\trend_following\test_0012_trend_factor.py","79EF5A2D969078254213BDF078B698EE471DD82345BCD2E3438A7D7EF040E357"
"tests\functional\strategies\trend_following\test_0013_0003_vr_breakdown_level.py","C4BF60908E79902E23E331C74B1976E14AA8FFAA923EDE0DA3B5B64A6A05C11F"
"tests\functional\strategies\trend_following\test_0014_0022_yy_cross_2_ma.py","3014D0994EB0F6DCEB93BF2A38C3F78E459DCDF8AE574DAC625085C7E4DB884B"
"tests\functional\strategies\trend_following\test_0015_0029_simple_yet_effective_breakout_strategy.py","113A6C717F09B7045D172F0944285D97092AC92C89AD519AAA1248183F84580A"
"tests\functional\strategies\trend_following\test_0016_0036_breakout_strategy_with_prop_firm_helper_functions.py","00926EBA1473AE913328C8C2A8A1A369830DE9C21093157579BC8E049DEF6F2F"
"tests\functional\strategies\trend_following\test_0017_0044_wpr_bb_atr.py","A6A9EA736D617C86D8209126A6FB47659E2CA46925315B881D31215719CF7902"
"tests\functional\strategies\trend_following\test_0018_0061_ema_rsi_risk_ea.py","F46ACF5818748ED8C57D63F9D9F024E0E205E56383EFD24155D8EF4F1C4AB650"
"tests\functional\strategies\trend_following\test_0019_0131_cidomo.py","F255E586D1FC2D5923797732C8F13D501CB1C7CE8EEC13A2441243657784E1C9"
"tests\functional\strategies\trend_following\test_0020_0136_ema_lwma_rsi.py","F5E445EF21B0FE3F527538D58969497A661EA73AF3044628588F2A8FB5616E5C"
"tests\functional\strategies\trend_following\test_0021_0157_bago_ea.py","4A4716E58DD0B90693AF8F8E58C5357096D9861B9750CC5A2618B444AF3EEE9B"
"tests\functional\strategies\trend_following\test_0022_0173_rsi_expert_v2_0.py","5DDD7A03807A6415FAB63360DA0443299D141DF8009B5E5ACB130440B94A97CE"
"tests\functional\strategies\trend_following\test_0023_0200_xfisher_org_v1.py","9AC3BDD1911D29F94A66B307C337937D5127D2B92DDDB2B5BC167BF6D2DE010A"
"tests\functional\strategies\trend_following\test_0024_0247_flat_trend_ea.py","6D468BCF0132085D5C2EEA0080416358A8D39BB67A0C31F55B7BAE475B8C1AB4"
"tests\functional\strategies\trend_following\test_0025_0248_ssb5_123.py","D5D147DA0D5070E65F07A742CCCADFB75F4EF1DE8BB6AFC1692DF92F6E781B6B"
"tests\functional\strategies\trend_following\test_0026_0252_ravi_ao.py","1A7136FB8ACC5988A96B2A9ED2805AEA4DC6C44CBE2E302E2778271DAB889CD3"
"tests\functional\strategies\trend_following\test_0027_0286_rsi_expert.py","CF6857DFF84D22A953E32D56358FE3C673F89D5ADEB7DB0BAFA89C1084AEE5F5"
"tests\functional\strategies\trend_following\test_0028_0303_3sma.py","1374423444FBC841B1607E595FB1854CA588891D9116A21FA54B943360679359"
"tests\functional\strategies\trend_following\test_0029_0304_breakdown.py","D47303A7CC422B9B776B2D9B82515B5CBC0F918E2F8B8C903C56874A8EAF3A70"
"tests\functional\strategies\trend_following\test_0030_0317_dematus.py","B472F752DD6AE2084936323B59326D7C39311A5BF83D580A02C96AF27AA0E0B0"
"tests\functional\strategies\trend_following\test_0031_0318_sidus.py","3B0C1DF7CB076D5AC81B69BBED2F900BD772CC77741E6677B30FEB54AC12A45F"
"tests\functional\strategies\trend_following\test_0032_0363_two_ma_bunny_cross_expert.py","EE8F0360F1AA36628CE6C4E94A7845BD056699245585FB04642442D4A25EA912"
"tests\functional\strategies\trend_following\test_0033_0408_universal_macross_ea.py","798A0032122E83A8FF5A2706B6BBB55094CB3F4811704390CBF65BAAB5CE5E00"
"tests\functional\strategies\trend_following\test_0034_0424_ema_wma_v2.py","6EF48D018105CEDA24241A61DDC25FEE36B351ADC06DA69E60A68ED4F39052B0"
"tests\functional\strategies\trend_following\test_0035_0445_ichimoku.py","0F657C50F5BAE5F02001B5943FC7870E92A21A334CCB7A31F10F204D0D649E6D"
"tests\functional\strategies\trend_following\test_0036_0451_macd_ea.py","91D7E639456E1587B7CC2D910F550F29A70DFAFB39977232391E9276D0C089B1"
"tests\functional\strategies\trend_following\test_0037_0456_channels.py","FCDEAA93B523AD2BDC38F4607EC5EB7CBA31F0CA683B34D47228DF8BFA1EFAF3"
"tests\functional\strategies\trend_following\test_0038_0459_trend_me_leave_me.py","23229F1E4055E66DE9C7E424FCA7F7C81DE79C4B1EDB10A0B7C0D8AC5F89B7F7"
"tests\functional\strategies\trend_following\test_0039_0465_time_ea.py","E3D3B4679F21B26D1C45565FE7006D800944FCA6D2A50DB7D9D144D7362B5240"
"tests\functional\strategies\trend_following\test_0040_0467_percentage_crossover_channel.py","679E11263218C5CDDF1CCE94603FC5C59FC7C9FCA24A667D1245DED261617196"
"tests\functional\strategies\trend_following\test_0041_0500_ema_6_12.py","8A3033E36A284EA954BCBC5A53E4E2582EB65DAB81B4DFB825A3F03432A8B17C"
"tests\functional\strategies\trend_following\test_0042_0541_flat_channel.py","C8325A22F8BB2D5DAFBEAEA2A9892204BB41CCB7BE0C1554DE1DD5340BADBCA5"
"tests\functional\strategies\trend_following\test_0043_0560_trade_in_channel.py","7EF9E06012B3CD67F10FA6648495915A1A2EFF8E10666DBD9CEE272287DE1EF6"
"tests\functional\strategies\trend_following\test_0044_0575_eurusd_breakout.py","8A69E883979E2A82AD6C770DD59A753486A5729BFD7C7860E88ED95438EE7460"
"tests\functional\strategies\trend_following\test_0045_0578_rabbitm2.py","50E13FA0FC5D46CBD9DBA3D70733665C4E744AC929EEC2BF629BD4D29DB61571"
"tests\functional\strategies\trend_following\test_0046_0579_nevalyashka_breakdown_level.py","E31C9934D81920E0EB58FD55723E84888F2E9308C20C478B96D4B430C23E2892"
"tests\functional\strategies\trend_following\test_0047_0592_two_ima_cross.py","414AE5FF5A17A3E615AA6321C45CCEF0D75AAD8637AE9F36E321FE79643C0F61"
"tests\functional\strategies\trend_following\test_0048_0624_rsi_trader.py","5D01168DADC38288080ED1EA6712BCAA9076413E1C231D50F1E803FDF6E81D90"
"tests\functional\strategies\trend_following\test_0049_0628_macd.py","FBBDE12F5F5B6174FB4CFBE1CDCB710BA3DA6346F498C1580FC66ED21A3B53D9"
"tests\functional\strategies\trend_following\test_0050_0630_elli.py","04C62B09B6E5AF31DFBB25EF248A5E8FEDF53E6B4FB8C31AB9B308329533F3F1"
"tests\functional\strategies\trend_following\test_0051_0631_doublema_crossover.py","B640A0A51B94F5359F83DFED1A7004A5CC0EEB49DAD1B1CD58BFBD07796E3010"
"tests\functional\strategies\trend_following\test_0052_0633_ema.py","60D08F0A798724A97BE775551D60D4BEEEAE6BB0C8694919CF4F815E264B875E"
"tests\functional\strategies\trend_following\test_0053_0641_currencyprofits.py","8352B43FDAC6ED29AB7C27327730A434F842FF89F3897F8A916630106DAD8E82"
"tests\functional\strategies\trend_following\test_0054_0644_brakeout_trader.py","67E6A4E78D482A930821BCD81C8376759811DB5741509F85DBC6B5D71DE718E6"
"tests\functional\strategies\trend_following\test_0055_0646_supportresisttrade.py","C4BFB775CAFF433DA833548898D2B2DBFD8BD48CB4CF37031078C508D4937E39"
"tests\functional\strategies\trend_following\test_0056_0648_get_trend.py","47BD48613E19BB144E3F6597688F2567E9E388DC1E660559CD6C39C4517A8389"
"tests\functional\strategies\trend_following\test_0057_0649_true_scalper.py","53D10A47120423A0904CEFDD422FB0729633FCCF7730FC7299B336405112F683"
"tests\functional\strategies\trend_following\test_0058_0650_ais1.py","86B984B45818CA51693CE7DD2750D108DBD9BE6380D712DF11679987E748E1D8"
"tests\functional\strategies\trend_following\test_0059_0669_hercules_atc_2006.py","F1FC60D0073118524D7A71B050A03445D4D69F58D73172912911E9D48C957591"
"tests\functional\strategies\trend_following\test_0060_0676_exppriceposition.py","AEADEFBA18256CBFCB046FA2AD6CFC0F8E2B6C8F8173A13B38E64E74696FA4B5"
"tests\functional\strategies\trend_following\test_0061_0677_ema_cross.py","42090AE02927F7CB5933AD3FE423153846B85757FD54726FB112812E4915C916"
"tests\functional\strategies\trend_following\test_0062_0685_rabbit3.py","692D4D876098F9DE505410B788B5F29ED0FF4E2E99479D62F961AAFC906D4258"
"tests\functional\strategies\trend_following\test_0063_0686_ma2cci.py","E87ECDC2194DCE6322AE105D946B38A94DE3E8895D9F418A2E199E65D930F554"
"tests\functional\strategies\trend_following\test_0064_0687_adx_ma.py","66F51589C16293BA8B55EB6C7FDD7EF4A22447FB0124C95C32E9B56B0F60563A"
"tests\functional\strategies\trend_following\test_0065_0691_polish_layer.py","F2A8CC5161535B00A011A1A57B074C8EB7BA2411F8366538CCA1B1D1BEABF56F"
"tests\functional\strategies\trend_following\test_0066_0695_5_8_macross.py","E9C2AFBCC0A5E18F345001E5E97468697EF6BD59287CCBD45A28A93EC877E96F"
"tests\functional\strategies\trend_following\test_0067_0696_kijun_sen_robot.py","0D6432BA0A62ED100378D18532D9B7064D6366FB699B500F5FA168E92225B2D1"
"tests\functional\strategies\trend_following\test_0068_0734_breakdown_level_day.py","E2B1CE52A87A50B312129B1C3242CA13DBB9E2C8D5F1DDF045DAF74B5F81EF22"
"tests\functional\strategies\trend_following\test_0069_0735_ema_wma.py","8B70526E56EB999C218C99710A50FE10EBD0981209E6F3812489CDE3B839C853"
"tests\functional\strategies\trend_following\test_0070_0739_trend_alexcud_v_2.py","9B45CA80D45BA0245A2D797BD9CEE9DD70E733EC55C99539B8FFB95137F61B9E"
"tests\functional\strategies\trend_following\test_0071_0743_ma_cross.py","AF560402896BF553457803D620E33A203833E093E4C5A1E80D00D34531358FCC"
"tests\functional\strategies\trend_following\test_0072_0759_crossma.py","9476858C3491EB9BF24CCAF6AEF5C9065ED91A972C38C72D7BF459E03A11E5F5"
"tests\functional\strategies\trend_following\test_0073_0772_simple_fx.py","F5390DF6AF9C528A01894547545BDFDBBE8C3162FF4D9D3BA0DB7B21191C31E4"
"tests\functional\strategies\trend_following\test_0074_0776_original_turtle_rules_trader.py","2172572C7A7B2035E4A3EAB0C38B7423A11E9D1D503283FC38108AF4F20FECA8"
"tests\functional\strategies\trend_following\test_0075_0784_dvd_level.py","04CBFC2CA4D78B1408651AC3E6ECBE9E9E19AB868A22E62A6B37BAC886B272D9"
"tests\functional\strategies\trend_following\test_0076_0830_fibonacci_retracement.py","3B4126C7B49F27D5C58ACF88C9A126E0193083EC7B40A2E8E8B550A07A1E04AC"
"tests\functional\strategies\trend_following\test_0077_0854_pchannel_system.py","670A751881205902EEECB059406333983DA95FFDC4012D65E714B46ACAC19F95"
"tests\functional\strategies\trend_following\test_0078_0855_donchian_channels_system.py","82F60179E44E8CA87E1617DFC34AC84328A3CDA2D88B6F56E43EF7FD17D057FA"
"tests\functional\strategies\trend_following\test_0079_0866_ma_l_world.py","8DA864929F470FEC082D3CAE38E835CB9F0557E6DC9F57C992C5BC0FBA06CF2F"
"tests\functional\strategies\trend_following\test_0080_0868_longshort_expert_macd.py","C13391A42F5B88AEF5DBCB5136DD9E85A690410A3913640628441A5BA113476F"
"tests\functional\strategies\trend_following\test_0081_0884_roc2_vg.py","ABA33B077883B272FAC8027CD991753B469868DB20F9C4F69102424097E80B24"
"tests\functional\strategies\trend_following\test_0082_0887_cci_woodies.py","502D3FAD303A7EFA50F6ED3450F2099292F6A17530D08AD5CDEE43A6EE193720"
"tests\functional\strategies\trend_following\test_0083_0890_trend_arrows.py","6EE9D26BB1D09757F92FB12C2DACDA0815CDCF374356C42117AC00A21F028A20"
"tests\functional\strategies\trend_following\test_0084_0905_wprsisignal.py","DB5976944D5F2649F73E38C3BA44829A77B67AD6E94F1FFA91B41968B3C22CEE"
"tests\functional\strategies\trend_following\test_0085_0906_supertrend.py","8A2FD2E3ADAF1A63BF6644166A3AFDFB8BBE5F7ED1C6C74ADFB79CB1BDCD07FA"
"tests\functional\strategies\trend_following\test_0086_0909_stalin.py","CE4A60E751E8786B783EF1FDB44640452BE340CDA378C62E685CAFEE5C271927"
"tests\functional\strategies\trend_following\test_0087_0911_sidus.py","E165910173DD5B2E4EC179F12D113E8258DACA99F86AFEEF1CDA29FA47281ABB"
"tests\functional\strategies\trend_following\test_0088_0913_pricechannel_stop.py","FB2BA46E70CAB757D418BF3C7B4B89CDDC66217D42DE66BB416DB7F2FC1DBB80"
"tests\functional\strategies\trend_following\test_0089_0915_lemansignal.py","20690BD5DE529933A56B597D03A8CCF60C3652D66D3A875AC52436BBE51FB0C2"
"tests\functional\strategies\trend_following\test_0090_0921_bykovtrend.py","83BA4DB298F651B694E5DE160FBC0AA5D6CA72D816C528B9F2898212D9CBF3E5"
"tests\functional\strategies\trend_following\test_0091_0922_asctrend.py","3E37F4491D2A42D4A6E768E54347D2FB78727F7AECCB4EC0FAEFB8A309237344"
"tests\functional\strategies\trend_following\test_0092_0926_stochastic_histogram.py","38BB219D3431FC73BADD3A8C06A22BACE51FFEEB17E5CFA18D23DEE28EC9F35C"
"tests\functional\strategies\trend_following\test_0093_0928_rvi_histogram.py","1EE662D40E91E6538F8480914DA25F0360070263A3395A6B5D4A59E8658E782C"
"tests\functional\strategies\trend_following\test_0094_0966_digitalf_t01.py","403D0F2CBED891B0EE49C1C7A4EEE5D854D31EC86794844DA7419E9E54D2FAB1"
"tests\functional\strategies\trend_following\test_0095_0972_colorzerolagdemarker.py","EEE029D30F3F7A905AC9EF846F37FD2456B9DCEE89C29373184D03C4793CF0AE"
"tests\functional\strategies\trend_following\test_0096_0976_laguerre_adx.py","56A7D5441246D1DA3B02D49AAC01C143D7721DA99AF6BEF585CCA4ACA579206F"
"tests\functional\strategies\trend_following\test_0097_0977_laguerrefilter.py","00D299042E9C7EAE7D4B63E5CE40576D4B54EF83975C577BD3543C632F2D43E5"
"tests\functional\strategies\trend_following\test_0098_0982_derivative.py","96BFA313BF19121FE1130D4BF9CFA2DBD6523DBEAA9C55C69C6DFB49DA4B1099"
"tests\functional\strategies\trend_following\test_0099_0989_instantaneous_trendfilter.py","845C6F0D004DB13F8DF58CBEFC9E88E64DCD0D91962775BDF9FE3E5778360C72"
"tests\functional\strategies\trend_following\test_0100_0991_colorzerolaghlr.py","C15AF10C0C4D2BE880CB2442DA37F60BA3FB402067016536D78C5611719CE63C"
"tests\functional\strategies\trend_following\test_0101_0995_i_trend.py","B93F0F8C2A611D29A0CA4292A6694700B605895F4FABFA88914D0B0B2BA5CA68"
"tests\functional\strategies\trend_following\test_0102_1002_fractalama_mbk.py","76780F649AC148C361C67A7D54C4ACBC512157FE4D93BFFE35987F6AAB752F57"
"tests\functional\strategies\trend_following\test_0103_1011_ema_crossover_signal.py","0595674E8F4FA8100C465A6B2BD6BD140D92DDD2FEDCF7869B8C066243891F55"
"tests\functional\strategies\trend_following\test_0104_1019_color_schaff_wpr_trend_cycle.py","8EC15C662231CC15E449D7A87BDE6E45CC301FA43DC4CEB73CC2704E3B883825"
"tests\functional\strategies\trend_following\test_0105_1020_color_schaff_trix_trend_cycle.py","82EDB0D3904214EC56F66DE2CD0A5C293FDC47221A14CF9E2220CA58FEE2D4FA"
"tests\functional\strategies\trend_following\test_0106_1021_color_schaff_rvi_trend_cycle.py","3BFA9CC46784AEBEB40811DF76AA37B3F14B641277A935359D80F245D11C2F82"
"tests\functional\strategies\trend_following\test_0107_1022_color_schaff_rsi_trend_cycle.py","25E3941A28B4CC405982D50E1042CF5102C5FA5ED1BA4893FBA34BD1395E214E"
"tests\functional\strategies\trend_following\test_0108_1023_color_schaff_momentum_trend_cycle.py","020F2A340221C2B6FB72C3AB434BAC2DD04F2D517101685B14E8FDE70BB12390"
"tests\functional\strategies\trend_following\test_0109_1024_color_schaff_mfi_trend_cycle.py","F0F7F5A1CDC47D49A7F3CC79458FCCFC258A8AC0BEADA69CCF04A61AB75A8FA0"
"tests\functional\strategies\trend_following\test_0110_1039_adx_crossing.py","25ED71D547EFA3ECF5489ABBD54ACE02EF9D7CB5602C0C01858B5AF58937A0F5"
"tests\functional\strategies\trend_following\test_0111_1069_jbraintrend1stop.py","77515CB0CEABBD844E9AA78AFC169FAF09DBB281EEBD1790F95FE4DFCF517F03"
"tests\functional\strategies\trend_following\test_0112_1078_kaufwmacross.py","6920542CDD2CB07B9AC4B42E2DDBB566E8C1256E8D3D11890B0243583A86C595"
"tests\functional\strategies\trend_following\test_0113_1083_hulltrend.py","764ABBFF814AD7E3982ED04477C1151249F587199EC9F9CCA55D76763F1FBF60"
"tests\functional\strategies\trend_following\test_0114_1085_trendmagic.py","807961E007DF255BBED6EB578D11A8275891E5C9CFA1697E2437F1D99B417D46"
"tests\functional\strategies\trend_following\test_0115_1103_altrtrend_signal_v2_2.py","BB7B1AA2E586ABF346FE50CD4C820D59E553F9E2C77566952CD786314BC408CA"
"tests\functional\strategies\trend_following\test_0116_1107_macd_sample.py","8B53435F539D97FE9C893DFAAADE762FC1DDD10636A33098A711E5724F0ECD3B"
"tests\functional\strategies\trend_following\test_0117_1128_macd_waterline_cross_expectator.py","AD63904DF2323ACE0A504EBB9C91C3C3F31431BC4F13E4D965E8EF263AC88125"
"tests\functional\strategies\trend_following\test_0118_1129_breakout_bars_trend_ea.py","5B9B69B00722D6CCF8513BF24CCEE13D5AA6CCAA1EF3914528F0F781E0385105"
"tests\functional\strategies\trend_following\test_0119_1140_ea_malr.py","972E662833C4C0DD24B311FB8C05A6D322722899FF693C8BF6740C80638C3B03"
"tests\functional\strategies\trend_following\test_0120_1159_up3x1_krohabor_d.py","878D7FB6674419788462679D4E0887191C3A28F9B1C7483C66F96F24096621FC"
"tests\functional\strategies\trend_following\test_0121_1162_trendcapture.py","360F6CB29C948F25B0EAF3E51204DEDFBFA52A4E6A4ED993C26A201757D44D11"
"tests\functional\strategies\trend_following\test_0122_1165_tradechannel.py","DB9BD8EEB56260E2A1A19AA47438DCD9804ED96BB5FBF3CC10294E3D2838C101"
"tests\functional\strategies\trend_following\test_0123_1166_ma2cci.py","2118B6E15A6C7AAAFB6652D66190A7FE57759E393638CD16E86D44C607E8436B"
"tests\functional\strategies\trend_following\test_0124_1172_ea_marsi.py","391534EC2ED5280D6AAEB9A3FC036ACCDB661C074E4F47304E1D3B57C79767B2"
"tests\functional\strategies\trend_following\test_0125_1188_2ma_rsi.py","24094550F5DC6BD88F03A8F093EDF121E5EA24B704CC9367BDECB66F9D858BE1"
"tests\functional\strategies\trend_following\test_0126_1189_adx_v1.py","0913781C2F052D9695734CD9A18DDB7EC1F3AFB0C337111B72F1468BC610089E"
"tests\functional\strategies\trend_following\test_0127_1192_bb_dema.py","EFF9533E424E45C1B10F72FF422217D37CFAC8EA3E74255247BB69ECB7DB1EFE"
"tests\functional\strategies\trend_following\test_0128_1193_dual_trix.py","29C6133B15DC9A5B3A515F445A848DEE6D04A611D5E6BCCA62996E09D4723A5E"
"tests\functional\strategies\trend_following\test_0129_1201_puria_method.py","CC23F3B3EB875C5389C5A1F21C85F4D91AC84DFBA27D4DF4E3A4B4B58EB110B3"
"tests\functional\strategies\trend_following\test_0130_1202_rkd_ea.py","B901863117873DC8F39B2DE0BD32AA69B898EC70DCA52ED660187C036028217B"
"tests\functional\strategies\trend_following\test_0131_1210_candle_trend.py","DF7FE2CBD45CF6DAC9719404FACF1BB16FCFF8ABE92DD4A5E161D12B0CD115E1"
"tests\functional\strategies\trend_following\test_0132_1213_mbkasctrend3.py","CA16557B7EF378204989F8DD4AD7BCFEF770459ADE58E8E8BD02821882D6A707"
"tests\functional\strategies\trend_following\test_0133_1219_multitrend_signal_kvn.py","2742DAF39F3518A938E42B47B2DC6450BC49FBC744857F259055A6E7EEAA20DF"
"tests\functional\strategies\trend_following\test_0134_1220_colortrend_cf.py","40E1EEB529E76E072592817B279252BBDBBF824364623AFF17597742F0A7326B"
"tests\functional\strategies\trend_following\test_0135_1221_color_lemantrend.py","75D97A560FD1ED9FE2DE41847510EDB2C5A9AACC1396A95C18C664E29FA04C73"
"tests\functional\strategies\trend_following\test_0136_1226_adx_smoothed.py","792DBD88BFD9AEEC6A4534057BD19B3EF62FBD5BBC1322F69EB07CA7C633AD49"
"tests\functional\strategies\trend_following\test_0137_1229_vortex.py","F78BD9F199DC4435A11D0732055BCAA1F1E7EADBA48B74B357E3F1F0874A9B4B"
"tests\functional\strategies\trend_following\test_0138_1231_trendvalue.py","532AD129462A0F63FA127E4AFEE143AEC474C05BFD573EB95C1E659DDE06CF53"
"tests\functional\strategies\trend_following\test_0139_1232_supertrend.py","45CC387DD138B52FC4D7C7FA4AAE4DE29430488183B01457AA028048502C7919"
"tests\functional\strategies\trend_following\test_0140_1257_atr_trailing.py","C93167D1EA04951DF7FF3C16F0DB33F3853BBB2E44BF18D88E084531A09A6B72"
"tests\functional\strategies\trend_following\test_0141_1263_trend_continuation.py","32E3740493F2B219A46340CBE12F8231ED6C3E98B31168BB6E31FCC3C21F2316"
"tests\functional\strategies\trend_following\test_0142_1266_adx_cross_hull_style.py","068650C0DE71E176C5ECD0DCD069557771F3D2A0F5244B519D24043A03B828E6"
"tests\functional\strategies\trend_following\test_0143_1267_color_schaff_trend_cycle.py","420AEB3B92F1062F3E53097CEA8215BF5D343B5DB7D3DDB17354CB24B46EB1AB"
"tests\functional\strategies\trend_following\test_0144_1268_rd_trendtrigger.py","869A2858BFBE6EFAFDAA52ACF05602CFA10AFE27B7CC2CA932020A99585CE307"
"tests\functional\strategies\trend_following\test_0145_1271_vinini_trend_lrma.py","2111B6FAE27D24642811960E2F15C8DD93028EBF43ADB705DA51C3A3D4A1F383"
"tests\functional\strategies\trend_following\test_0146_1272_vinini_trend.py","2CCBA168405FAA47A411A40D3920489441B9411A49808B7838173CB169982376"
"tests\functional\strategies\trend_following\test_0147_1275_oshma.py","817FC262B958CEF595534E18B5879F58284AAA4C310A649F9110C02972D4803C"
"tests\functional\strategies\trend_following\test_0148_1283_xma_ishimoku_channel.py","8A65B4183DD88F0AE369707AD7AAE8297D20365A89E94E0BDCFD68BB9C81A689"
"tests\functional\strategies\trend_following\test_0149_1285_rsi_cci.py","5144992092C624F6CF2CC8535CCC6711059EFC65F65F973BACA2D94145206358"
"tests\functional\strategies\trend_following\test_0150_1288_ma_rounding_channel.py","14B6E4086C95D5B283B68939A8016DD934D6CFA6EB4726D08E60A6317AFCCA19"
"tests\functional\strategies\trend_following\test_0151_1292_candles_xsmoothed.py","A1DF5DF68A38D7F08DB35AD1F1209E3EF97751771F094120EEB4D6CF3A6F0A90"
"tests\functional\strategies\trend_following\test_0152_1308_engulfing_cci.py","2ACE49FA7BBB47104644CD06813720EFE599ADDBFEA2B039913E75911E3B90B3"
"tests\functional\strategies\trend_following\test_0153_1309_engulfing_stoch.py","067B05A9B443999A58C03F5500DE2BE892E4FEB490D1E46BDE390C163A350133"
"tests\functional\strategies\trend_following\test_0154_1310_morningstar_stoch.py","B5A5E790ECA4A5759712A6A84CF8E309D2E9A96262136CA4511883C44BE83F45"
"tests\functional\strategies\trend_following\test_0155_1313_morningstar_rsi.py","3B67D0DFC547F92393EB5CAD645EB95CBDC6304DAABC6FB6ED972106525DEABA"
"tests\functional\strategies\trend_following\test_0156_1314_morningstar_mfi.py","A4E6BB19363C7C261503F24FFE306676852F793A3770582B5C2896FED54A7AD6"
"tests\functional\strategies\trend_following\test_0157_1315_darkcloud_mfi.py","2F96C2627E38E3F010E56C7B1CD529EEEB673CC55E62BBF101413BAF62FF67B9"
"tests\functional\strategies\trend_following\test_0158_1316_darkcloud_cci.py","2F9B68FA17F11836BBD43C6C486CD8BE7DB681A9D836DC20C4FA8C2C6EE2FFCC"
"tests\functional\strategies\trend_following\test_0159_1317_darkcloud_stoch.py","E0BBC3E6F70F4AD91D8810B61A14085239F0CF9748CBCCF9C80A40BA4C60FA90"
"tests\functional\strategies\trend_following\test_0160_1322_meetinglines_stoch.py","E49283D398E93D0CD7C3BBFAC88C6906D7B9D5A004DABAC114100D30FAC9EF56"
"tests\functional\strategies\trend_following\test_0161_1325_hammer_cci.py","2DFA9A4942D4D6F4976921FED032A81CA954DCA5EDB9B976B63F1ADDFDB745E0"
"tests\functional\strategies\trend_following\test_0162_1326_two_ema_time_filter.py","B90D9B0291A4C13D608B4BAE4863EE89046BAA0148B047247E869E3A8282567C"
"tests\functional\strategies\trend_following\test_0163_1327_macd_cross.py","E9372D5AC0CB6A5BE55D764C36223071E8BDA21CDFE45DCA617B7109840AD988"
"tests\functional\strategies\trend_following\test_0164_1328_two_ema_cross.py","FF793CEABC111324C4DD012B73014D9B25CA4CCB747917230353CA701B47D3DB"
"tests\functional\strategies\trend_following\test_0165_1329_price_cross_ma_adx.py","3617D9B5D25EDF0EAC73AE2ACAF0EA1C67B738104167A10EAC5DB237D715B069"
"tests\functional\strategies\trend_following\test_0166_1331_price_cross_ma.py","2C3366CE5C501C18138EC4DE98F1B31B0E3458074141C7F5F6A6CCB172AC232C"
"tests\functional\strategies\trend_following\test_0167_1334_hammer_stoch.py","443CF3B7E251385A651DF8D08B6754748D31AB5B929AAEDEE2DFFCF5BD6ED452"
"tests\functional\strategies\trend_following\test_0168_1338_harami_stoch.py","9304BF5D582275A1B505A38B9C26EA19310F662C7DEE7C2CC7F3CBE9A6F88CB6"
"tests\functional\strategies\trend_following\test_0169_1340_engulfing_mfi.py","4F4186EC360C258A25001FFD7093BFEE2337EBD2CAF6469D0FE496A63DA6CDAD"
"tests\functional\strategies\trend_following\test_0170_1348_alligator.py","1FB31BA9DD9B6003A0E869CD4A0B7CAD8DBF8F7991E9DD3863F456F615C8EEAD"
"tests\functional\strategies\trend_following\test_0171_xauusd_trend_pullback.py","5FA98FA24EDE67EE031F82BDA6900ED4AE2839A75B168107F2E4251F9460C43A"
"tests\functional\strategies\trend_following\test_0173_stiffness_trend.py","DA3DC1656A8D2280516BD24F99E0A1862E02D08D6603E6D10159FA1DC348A55A"
"tests\functional\strategies\trend_following\test_0174_death_cross_reverse.py","D3470BFB7C579BA50585C59CD4DCEBC1B4F7D9A3CCC761987845DC2ADF29F9E9"
"tests\functional\strategies\trend_following\test_0175_golden_cross.py","3282CB675C9F7F21C5086CABC294511EE85345C5FC9D7F22EB9B9D545BAB0E7D"
"tests\functional\strategies\trend_following\test_0176_persistent_rally.py","490E058B87D44DE233862D254675E8F20A9D6F4DA02AEE916AC91FBD1BE3D080"
"tests\functional\strategies\trend_following\test_0177_0127_macd_cleaner.py","A2AF9AF273AE192E6A93D1E629178A8CBAF6B622141EB2438FCC12C355567397"
"tests\functional\strategies\trend_following\test_0178_0134_tdsglobal.py","A10BF1DEE1C994D24D814D2CBC936E6FE4C1B2BEBA4DCE87DB05C218681A5E67"
"tests\functional\strategies\trend_following\test_0179_0135_puria_method.py","E784A5229B56DCC5AB5AC59C63E7487CC02968E59FD5CF56F99265326638F360"
"tests\functional\strategies\trend_following\test_0180_0137_bulls_bears_eyes_ea.py","39442D0888CD279C38F2A181EB3F0A55860EA3033962DE5152541C0FDFE39F3D"
"tests\functional\strategies\trend_following\test_0181_0140_macd_no_sample.py","7F8E6CA3DE8FBE9E32F21043F107BDB05C3B0334C43E5EA0574BE3ABFCA43D0C"
"tests\functional\strategies\trend_following\test_0182_0151_precipice.py","AD0B174378D1D871AAB4C38D2F48F7F519C63E3D5888F84EB2124BB0C23FA7D7"
"tests\functional\strategies\trend_following\test_0183_0165_alligator_simple_v1_0.py","5A750E7B09E6B905D5539C3520793F3CBFBC267C0AC97056BA1CB9F89E8CFB8C"
"tests\functional\strategies\trend_following\test_0184_0175_probe.py","379A95A824B38D847040A41748A7441487457CAB3D706284D469C504C6A78288"
"tests\functional\strategies\trend_following\test_0185_0189_constituents_ea.py","283BE6103BD42CF487FC0CC9DAADD34B2B5578A55ED4D658C038DA92D8E18828"
"tests\functional\strategies\trend_following\test_0186_0193_ao_executor.py","72D3F0E0C605D830A70FBF906903D17EB16C7A95F4AAB90A5ACA5F65C57D8F0B"
"tests\functional\strategies\trend_following\test_0187_0199_glamtrader.py","C8FDF41C6CE38F505F3778423BD1B7A42C190B6643CAE830C292722C1F027B46"
"tests\functional\strategies\trend_following\test_0188_0239_bars_alligator.py","849E1D059C8F81A0336A38CEE4C6FE9E994CEB780EB391F415672B31D5A089BD"
"tests\functional\strategies\trend_following\test_0189_0244_gordago_ea.py","6558EDD9A395633BD37A9BB8FB19B66B0F837DCBA09A3D1678784303DB90E449"
"tests\functional\strategies\trend_following\test_0190_0263_neuronirvamanea_2.py","5E7C000C00A84EEE6CBC94CBA4F4A28538F63B8A6873119EF0F862111FCADB97"
"tests\functional\strategies\trend_following\test_0191_0272_ketty.py","1A1D7472B860A477CE8CD979178E132F84F117CD9C2C1DE74E408C7D83624D38"
"tests\functional\strategies\trend_following\test_0192_0305_zigzag_ea.py","09813B2A20A16B5DB6375EDB2ABDE06B46EEAD78636647282FC7E6B1EB31DA61"
"tests\functional\strategies\trend_following\test_0194_0417_fx_chaos_scalp.py","7E49E013650233D1CC442B31A2BD0C903DFFC51290A8BD4C109F23361F406492"
"tests\functional\strategies\trend_following\test_0195_0454_macd_simple_reshetov.py","55EE0E31DFC98A32108CC017F904297FBAF0655E5789D4BAE49A1E5702FBDACC"
"tests\functional\strategies\trend_following\test_0196_0455_umnick_trader.py","F41AC72FC55DA3D84AD331F339F96E8EA178243DDA6598B12BBC20F765A0B01A"
"tests\functional\strategies\trend_following\test_0197_0479_arrows_and_curves_ea.py","0A00A8622A2E8995947C527422DDF1FC1B42E1FBEDBAD042B1B7DF65AAD8141C"
"tests\functional\strategies\trend_following\test_0198_0494_sar_trading_v2_0.py","597CAB24017959F7BF5904BE7E6DD8E72AFA792B39F78DE9C963CFAAB8E574B2"
"tests\functional\strategies\trend_following\test_0199_0497_ma_shift_puria_method.py","6CA2878AC798F8CBB55B4F875FEFD5F24F390AFD87ABF029B45D65EAB50FAF78"
"tests\functional\strategies\trend_following\test_0200_0498_momo_trades.py","12E7475D871C108CEC6A35DA16C4E21C10E931E84B07D92C28575AFAEC0E6309"
"tests\functional\strategies\trend_following\test_0201_0499_ichimok2005.py","4BAE85198E96CD2A5731E36116421BD81CAB02B0DE99B78689B486C7DB5AE227"
"tests\functional\strategies\trend_following\test_0202_0509_beergodea.py","227FE9C163514FA1E5F601238173719FB6B26681C0FC48B5DE2AEFBA1EC1D95C"
"tests\functional\strategies\trend_following\test_0203_0525_osmaster_v0.py","1F583CB8BA515EDE02B61D1EA4A75A50A6F8D2817F80BED0B76AEC40D2198CE3"
"tests\functional\strategies\trend_following\test_0204_0528_js_chaos.py","B3CF7EC30464F3FBF9595DA6AB36411BAB92EBBCF65A1950562298BC54DDE3E8"
"tests\functional\strategies\trend_following\test_0205_0532_disaster.py","9096BDB31A5BC8E3D4F8183CF923C496DD000B7E8A4660D64C56E0DFC9F6F3AD"
"tests\functional\strategies\trend_following\test_0206_0533_mamacd.py","5CE6376EE609C99AA3016B322DF29625AD50113FC0132E0011F6FFAFEEB11053"
"tests\functional\strategies\trend_following\test_0207_0536_nova.py","D794F9D6C279DE2662F80D2E357F8703713FAAC71766A5021F6CCC234DFC75B1"
"tests\functional\strategies\trend_following\test_0208_0539_alligator.py","DAF397D175BFFAF6DFC97790DF08637B6431FA82167E45722A5E99DEB60E03F1"
"tests\functional\strategies\trend_following\test_0209_0542_vortex_indicator_system.py","3EF4944891C6FCAA5AE17A591358742C43360F2776C2F1315ACCE9D0928D0D11"
"tests\functional\strategies\trend_following\test_0210_0545_mt45.py","B906CED309F74591DC660680E47AA2C6EE59D87F5D88E16E42E94E12DAE24183"
"tests\functional\strategies\trend_following\test_0211_0551_burg_extrapolator.py","932AF6B0A26FD84B65E0A51AFA2CCD6E3EDCC2C5C1864121C0D18D82734E7E8E"
"tests\functional\strategies\trend_following\test_0212_0554_up3x1_investor.py","34A48052AAAC38D364F7A4BEAF17E198E9FEF16D0E3F0A46B1AA5812A7BF560D"
"tests\functional\strategies\trend_following\test_0213_0558_nevalyashka.py","FAE3C3C956554A603C536F65901348ECF113197A7C229CC7658BBA629854E83C"
"tests\functional\strategies\trend_following\test_0214_0582_intersection_2_ima.py","7823AB71EE998E98F6DEDAE172A3E8EE3F641DE1752103201B94F7F10836A579"
"tests\functional\strategies\trend_following\test_0215_0589_vlt_trader.py","339CA18240930C721A0905AC1ECB195332DFBA18D34D25CB3F061B89E949D982"
"tests\functional\strategies\trend_following\test_0216_0596_pipso.py","9C885DCDDFB54343FF1235A72F44190CF741D4A54FF793847DF5BDA059AF1971"
"tests\functional\strategies\trend_following\test_0217_0601_cheduecoglioni.py","9C32EE829D5A8D1455F1EA57933DD463BB5B4784F80FADD0E50B9BF27F391B2B"
"tests\functional\strategies\trend_following\test_0218_0611_morse_code.py","24D368FE8DB354F4082CCC114EE9C5A2F6E56294D258A4F372DE7CE4C058C2B0"
"tests\functional\strategies\trend_following\test_0219_0625_nup1down.py","32D35B32CA80293187714ECD1C619235D97CA4275B4DB27E929DB389483D9FCF"
"tests\functional\strategies\trend_following\test_0220_0645_t3ma.py","796FFF2FE201AFB81FD846329FB23A07FE254E1F2E9C369A09F7C5CB9C72CFED"
"tests\functional\strategies\trend_following\test_0221_0651_e_turbofx.py","2B6858F4F673D1E499A7F569220198AD9B1FC534F3765F38DBB50822B98B81D9"
"tests\functional\strategies\trend_following\test_0222_0657_simpletrade.py","9DDC21879E7C25622F9934E248A8D6707F2183DEB1C6406D5F76265C35B68DF9"
"tests\functional\strategies\trend_following\test_0223_0659_big_dog.py","30BFF55F37104C1BF250EFDC4539326BFFB9D8E164AB11EA42831A681CCDF904"
"tests\functional\strategies\trend_following\test_0224_0660_autotrade.py","18540186B8A137ACD62161D7E2761487541E862C7ACDDBBF5FC4A5A4CB04F219"
"tests\functional\strategies\trend_following\test_0225_0661_2ma_4level.py","B9F84A78EF987D0D0342D33C3D4BABE1B734840347E59B4832FB76C5B1562FFF"
"tests\functional\strategies\trend_following\test_0226_0663_gazonkos.py","5AAAB2FF4802EB8121C3A470875D33E2B12C282D8F7559D286166E7EC37BECF3"
"tests\functional\strategies\trend_following\test_0227_0665_forex_profit.py","FAE6D57C196B45A03CD34BE78C21689E49058831302FE433B47FF65C2A0E6037"
"tests\functional\strategies\trend_following\test_0228_0675_macd_signal.py","53605EC67FADBDE7D8D0F05215347FE4B80BB3E0DB763BDC332738F98D4F4AE2"
"tests\functional\strategies\trend_following\test_0229_0689_backbone.py","9D760E2CAEF59A53BFC443EFBA5031B8B9BB247B0F9090DF0DDB89850332D4BB"
"tests\functional\strategies\trend_following\test_0230_0701_mare5_1.py","857A655F44479BDCA64F0BAED0A3AA7D30C360FFBA85F5F96A462877BC3E8A8C"
"tests\functional\strategies\trend_following\test_0231_0702_simple_macd.py","DA2E144453003B14C63262B7F83DF5326F65432EAB34A88DAAAD8D71D43CD4F5"
"tests\functional\strategies\trend_following\test_0232_0703_tdsglobal.py","47A86AB349C6BC4DA3D4407FCFEB188040B0A9953978B6DC992392D30FB2C9F4"
"tests\functional\strategies\trend_following\test_0233_0708_robot_macd.py","17E345F932C85397DAAC29A0DEE79B979968E8DE767C7E083E41C30B7AF25176"
"tests\functional\strategies\trend_following\test_0234_0710_up3x1.py","C8CA709E3054948FE925A9E290DD07EA16C4363987CF6B8D7FAE1FDBFE6EE3D8"
"tests\functional\strategies\trend_following\test_0235_0711_bull_vs_medved.py","CF755A189D365F39D9095DBF867F40C12758E61FBD7DF3814ABB22A18D2569C5"
"tests\functional\strategies\trend_following\test_0236_0712_up3x1_premium_v2m.py","EBEDADED6BD4A5FEC9D808ACA4D6740925C9750C6BB455377CF9ABF5BEC62F6D"
"tests\functional\strategies\trend_following\test_0237_0724_ride_alligator.py","DAC1DFEC1D7CD1D68F597A5F45F914B75243FBF1D0E67E938BBFF8D946D92967"
"tests\functional\strategies\trend_following\test_0238_0740_adx_system.py","281D17A183984E0D9C340CA7D49EECB8141D1B19F2526258265357D5B77B7A59"
"tests\functional\strategies\trend_following\test_0239_0742_prophet.py","E4147642C0AABA3A003B2495B1013865D8E00D5DC405A34AA6DCA30D135C7A0C"
"tests\functional\strategies\trend_following\test_0240_0746_escape.py","1C2B799AC5487D71A2E1602E6B7F9E7EC0A2F9B0822B99AD2648FBAFD5C2E3F6"
"tests\functional\strategies\trend_following\test_0241_0756_go.py","9C180B723A13DD311CFDDC79D23DA50820DA1E38BE59107EBAE1B952245C3383"
"tests\functional\strategies\trend_following\test_0242_0757_expert_macd_eurusd_1_hour.py","AF0D96A83216D9F286CF2420A12CF0FBEB448C97434963006C722ABD53B5DFA8"
"tests\functional\strategies\trend_following\test_0243_0799_e_regr.py","28FDAAD286A319B4D4DB8522CC2D146C18D03DDCC65299EF04F795E8A806B6F2"
"tests\functional\strategies\trend_following\test_0244_0800_20_200_ants.py","E0CE85537A1B629FE130821F3BBC76EE0ECFB2EFA5ECDB394BC2FD00D9BC806D"
"tests\functional\strategies\trend_following\test_0245_0808_trigger_line.py","A873937A68B9EAE207421B35948010DA6952DB3FFF3421F216E3C42B723C5E38"
"tests\functional\strategies\trend_following\test_0246_0816_i4_drf_v3.py","F9396607E93575384B3CBF788DE7201A2F85673A745F3EB04DCF83A5F69C8387"
"tests\functional\strategies\trend_following\test_0247_0819_i4_drf_v2.py","12B72A612D4DC499685D46F0DCD8EC68F5B23174A7D527880CB218455A2ACA4A"
"tests\functional\strategies\trend_following\test_0248_0851_aroon_oscillator_sign_alert.py","B6BE401FADB3E6E35D89537AD7569608BDB025D2AE0C95FB49F8193EE6555298"
"tests\functional\strategies\trend_following\test_0249_0852_adxdmi.py","0E0E486DDDF3FA6AF0B116308152783BBC298D60E1A88C37B3E11CC13035A7FC"
"tests\functional\strategies\trend_following\test_0250_0862_bsi.py","5488684A53DEA7E7B91BD007EF65E4787BF18F530A4B2FB77D995701680AAF47"
"tests\functional\strategies\trend_following\test_0251_0872_frasmav2.py","F3D62462FFB573FF6948C5DC1892D2AAF36991673D169AE2917FB4A472816655"
"tests\functional\strategies\trend_following\test_0252_0894_aroonhornsign.py","73D00EF3D0303EA86F72F77B06732F38608347C213C0EB47755679D002A36046"
"tests\functional\strategies\trend_following\test_0253_0903_nrtr_extr.py","4E89837B0491E2DB2A1C9E6CDB630AF6B80E6E0CFB3C87DBB8380B95F7C42406"
"tests\functional\strategies\trend_following\test_0254_0904_nrtr.py","B1323504F9287A285837D8346422EC0998820BE4C9DFFF58CA6739BF3316B71A"
"tests\functional\strategies\trend_following\test_0255_0914_nonlagdot.py","755BB23BCCFE4C916E5AE3345C62516B6862C45AEA526F8BCABD996F603BCBB4"
"tests\functional\strategies\trend_following\test_0256_1043_forexprofitboost_2nb.py","439D982E0E2F55451633D2B78118B1B38D3165690FDCF85473FA229D865CA7BF"
"tests\functional\strategies\trend_following\test_0257_1047_simple_trading_system.py","9693D0F4B6F933826DBBDFEBF2D79A8D274A1114AA8A123BEBC3F6AF5F34BD74"
"tests\functional\strategies\trend_following\test_0258_1048_fatl_satl_osma.py","8418C8D636C3D71B3B27B116961EFF39E1E1512072451EA8390E5724ADDFF98F"
"tests\functional\strategies\trend_following\test_0259_1051_modified_optimum_elliptic_filter.py","11D0D0526833E6B5653F0DCE99E1D8D1F68504AB048BE79E795771E15F543771"
"tests\functional\strategies\trend_following\test_0260_1053_ozymandias.py","1E4E98A47159F94B47AB86BAB91C4ADC92270F86FEAC195A764AA26205353AE3"
"tests\functional\strategies\trend_following\test_0261_1064_ma_by_ma.py","5206D7D93010E3AB63F2C80E97638455BA453B5AF91621DCE06D64C1AC2B3A2F"
"tests\functional\strategies\trend_following\test_0262_1066_slope_direction_line.py","0FDD13F728CB34993CE68F4BC0436DB12D8B7D55F4D560D5B71DAAB5D89960AA"
"tests\functional\strategies\trend_following\test_0263_1067_karpenko.py","F1309E19B9151118F689945BE5D14AC4ED4DD85E3642C186901183456BB7C507"
"tests\functional\strategies\trend_following\test_0264_1075_ma.py","952FB25D3F181942FEA75E73EBA6242707D5E7D5449A934EF598467EA24144CA"
"tests\functional\strategies\trend_following\test_0265_1079_bvsb.py","246AFBCF16B31B8324C0BF42594B93B91F164736B9AB714F38D2D643A251DD22"
"tests\functional\strategies\trend_following\test_0266_1080_bnb.py","05B8E2194A45DDB86C5DE34DABBCF93D9B327B12DCA8DCDAAA4207FF2910C755"
"tests\functional\strategies\trend_following\test_0267_1082_tsi_macd.py","132B7F78F6CB714BECC1768E5E07E3ADAEA5EC62AD331F0DF3112C1D9AB63684"
"tests\functional\strategies\trend_following\test_0268_1084_wlx_bwwiseman_2.py","9F752D007510AEBCB48A511D8E5BD284EC01051BEF1BBC126FFE6605AB9057FC"
"tests\functional\strategies\trend_following\test_0269_1088_cronexao.py","D14AE97B08BBC2FE66B4807810E2325671CAAA6849E67970E07127B5D046E317"
"tests\functional\strategies\trend_following\test_0270_1091_highs_lows_signal.py","360AB1EC099D6A6EF5BB7C96875ACD8E3E795DD96500051A3811D26BA2E67797"
"tests\functional\strategies\trend_following\test_0271_1094_afirma.py","0FFA4A6DD495C610A2A2D9C1A9275732EAEC6929F7B72CCB509F00660D65DC8F"
"tests\functional\strategies\trend_following\test_0272_1096_xd_rangeswitch.py","DA88CDBEE98A51AE08B08D95C71AB2BB13BE955AF94C7E16286BBF56CAE51496"
"tests\functional\strategies\trend_following\test_0273_1099_simple_ea.py","7358C537AED4AF7C78CE3986CEB54D95558EE2AE1D4B8C59901CE7D74023088B"
"tests\functional\strategies\trend_following\test_0274_1102_bw_wiseman_1.py","71E71D6A53556ABA7581F79271E9F58682280DA1BEDDD675C54A8A90714423B8"
"tests\functional\strategies\trend_following\test_0275_1104_digital_macd.py","578E0D115F6AB9572E5689E4A7C37806C9F4C40345869E6844B57F62EF5E09DE"
"tests\functional\strategies\trend_following\test_0276_1106_t3_trix.py","84B697C753D5E5A59C3EE054CF06F5EE996B3D3B9116D8E4051BD4764EA7D48F"
"tests\functional\strategies\trend_following\test_0277_1110_cs2011.py","850F73A5E72E8A4B193FA9A23FC7168D1A610CF9D3F0676E20F039A4287E95CC"
"tests\functional\strategies\trend_following\test_0278_1122_irea.py","A08E1DDE4A9726B14D3162E576BCFEC4C80BF44550A46FE9CAFE5D5E4AA2CCE0"
"tests\functional\strategies\trend_following\test_0279_1137_jpalonso_modoki.py","43E0A6FEBFCABAE0D19C42CB2F1333D4B8512070FBD79758434CDCCAB4B430EC"
"tests\functional\strategies\trend_following\test_0280_1142_smatf.py","E86489A066E267C91F389B00200F9A93A726C0F72F4E04A5F5AF52C70480465C"
"tests\functional\strategies\trend_following\test_0281_1144_20_200_expert_v4_2_ants.py","BABD225C9C1CE9CEA49553D39B3FBE6E70B6E01AECC906A189D7BCE6AD900491"
"tests\functional\strategies\trend_following\test_0282_1152_go.py","9666D9508EBE83890589C9AA8D454FB4E63CCAFBCEA6119BB6D934706A81AADB"
"tests\functional\strategies\trend_following\test_0283_1153_e_turbofx.py","74B6FD3EBB171A7F88E6B3C1B86CB6E93EC1997784A23E5F299AEE2B6E8A4FFD"
"tests\functional\strategies\trend_following\test_0284_1157_she_kanskigor.py","00D5D5BC08F0E0D47961A815BD608F6A7A0D92C642B89780379BF3B1626D6CB2"
"tests\functional\strategies\trend_following\test_0285_1171_jolly_roger.py","4EFFA1ED76F3A97B2F5AA95C49B5D47C873D03A666C4DC2D380A85EC9AC4EDC5"
"tests\functional\strategies\trend_following\test_0286_1186_20_200_pips.py","AA995EE7F4E01A3F37C7DDE44DA0DA32E2AC2E9A35F051130BCF3FE7EF56D48B"
"tests\functional\strategies\trend_following\test_0287_1186_20_200_simple.py","0A01AFE5B4CBBC91ECC3B8DE012C177E119E89B735F643A6CEF26A04EB3DBE88"
"tests\functional\strategies\trend_following\test_0288_1199_index_ma.py","71E1EAEDDD18FFB58DC10E21360EDD7D80D9EE5A381BB8C0DBD1E43E2A9E44B3"
"tests\functional\strategies\trend_following\test_0289_1203_simple_ma_adx.py","E518331519A1C00F40427385DFAA67201EF9690804A0CD1098654064503A1971"
"tests\functional\strategies\trend_following\test_0290_1205_simple_ma_ea.py","8E9A3BDC39D23DEE2A554DFDC82205055332ED90177B3283CB5C99ED4B74FF3C"
"tests\functional\strategies\trend_following\test_0291_1209_figurelli_series.py","FE61DF944F9651E2461FCDA014FDF8E70EF7D290C82DB53F076C6B1B230DE818"
"tests\functional\strategies\trend_following\test_0292_1214_tma.py","B3F5F7C3F7AA1AD566EC0E36081AACC304FCFE54FAE7FEE605101C8C7726525D"
"tests\functional\strategies\trend_following\test_0293_1216_beginner.py","5E104FBC44A7558EDA074206E0FEA20EB85920592CD0DDF16B5A426FDEA3E2A6"
"tests\functional\strategies\trend_following\test_0294_1218_stepsto_v1.py","3B5CD7755F96E7E65B0383A73B792F21F657A047A3460AB9F6877F520EE185F4"
"tests\functional\strategies\trend_following\test_0295_1223_color_metro.py","B08CBBBE875BFA1625B3BA1A91607E61498D157B1405619508DF105B499A9F50"
"tests\functional\strategies\trend_following\test_0296_1230_macd_xtr.py","85B35D7FFF590B0D9D45BF54B293985BE12DAB4FAB35F942D34AE5EB74D7BF48"
"tests\functional\strategies\trend_following\test_0297_1233_mama.py","F1F236A6B8671C8F0F65181CBD1BB96C46408632A51B15B3DE43E5D62F8A45D2"
"tests\functional\strategies\trend_following\test_0298_1235_oracle.py","C3ED519D7E1645CA414D2F50C9BB9D8C1300B01A546D863062FF1B904BCC4C36"
"tests\functional\strategies\trend_following\test_0299_1237_2pb_ideal_ma.py","28E8ADFC11D82B3E33E392C3DEF31C172B0AB6D4F73420D7BE39FE2C57E221ED"
"tests\functional\strategies\trend_following\test_03_two_ma.py","16E3055B077438B3F654AF65FDB2B51CB708A6C18EFE13E1CDE9DC184A03D884"
"tests\functional\strategies\trend_following\test_0300_1238_coeffofline_true.py","200A27B490F8E2D2317370752678F140D8D7C69EA7F2A126D49F76D12676C868"
"tests\functional\strategies\trend_following\test_0301_1241_buysell.py","BB261C3ACD101B0EA5A28CE73003ED0AB97986CFF8A7051F1134C3917FA91617"
"tests\functional\strategies\trend_following\test_0302_1242_bulls_bears_eyes.py","783683EC1B17AC4A1AE353D9CEE400B03A23E607F0A8466DA14A3A3C29FBD37A"
"tests\functional\strategies\trend_following\test_0303_1243_bezier.py","08B5B54F2F1E887A3A5E87F665574EE707C36834F633769C22A7A38CAD628EC4"
"tests\functional\strategies\trend_following\test_0304_1245_3parabolic.py","A6C9513B2AAB815FB2D9D579C1F36878D294B8102EB836D9B9D588D9BA1CE8D6"
"tests\functional\strategies\trend_following\test_0305_1246_aroon_signal.py","48EF2126BC59BF8AF91D29B0D58622A327F50E27BD119E9547388354ED43B0CD"
"tests\functional\strategies\trend_following\test_0306_1247_amka.py","B693F5D4B0710095CEE6D499826A0D4D5AD651507942D7602EB6BFB02A36C2EB"
"tests\functional\strategies\trend_following\test_0307_1249_arrows_curves.py","17BFDB1B74A9C04B08C24F24A2F9BEC50BA63AFDA5FC7EB26C381666AE53A22D"
"tests\functional\strategies\trend_following\test_0308_1253_brake_exp.py","CA5A50230C9FE1A235FFCD4607FFF0DA837EAE5064689C8C7EB5B8D83585B2CF"
"tests\functional\strategies\trend_following\test_0309_1254_brake_ma.py","31DFF2ADEDF8292433AF2ED8A751C23E676A2AF1028995481C632E70C179A58C"
"tests\functional\strategies\trend_following\test_0310_1258_brakeparb.py","6629A5571F5D468B4C18A14A726BACD9028FC4F7FD112EBE813EB862E5D884A4"
"tests\functional\strategies\trend_following\test_0311_1259_muv_nordiff_cloud.py","81EFF95A587065992D48EDF80321583FFE0AAB5CFFA0EE62D299533F65FF6C9F"
"tests\functional\strategies\trend_following\test_0312_1260_color3rdgenxma.py","6A8ABE04E64343D53B2E3197BDE2BC4B6B39970461425D57F3CFF407919E29F3"
"tests\functional\strategies\trend_following\test_0313_1262_f2a_ao.py","80FF60CD355DC89D8DCD2714867992A851B65919E59826D2A686F8C029721283"
"tests\functional\strategies\trend_following\test_0314_1264_jmaslope.py","47BB2962467CD01C61DAC7C7F6602196D38AC4B0FD9DCD024134F8062D662B43"
"tests\functional\strategies\trend_following\test_0315_1270_colorxadx.py","D498080D5BAEB9693F178F793170F3A3CDEC4CE034FE92DF9DDBC606733480BB"
"tests\functional\strategies\trend_following\test_0316_1277_colorjvariation.py","BD9F4377A097F3D1DD4FFBFB54DCFFAB665ADEB3E4EF02B9950B49EC75744540"
"tests\functional\strategies\trend_following\test_0317_1280_3xma_ishimoku.py","D24FAB044E3397EFCE580FAC990AC8E85FD1343B63EBE1E37E36292CE797AF4E"
"tests\functional\strategies\trend_following\test_0318_1287_linear_reg_slope_v2.py","7039D10249149080AA025D513128418E9BC6EA37021734387BEA49581D0D5B25"
"tests\functional\strategies\trend_following\test_0319_1289_zpf.py","BB9BCA4FA5C84D337F0773D07250CEE8121C2A15739C3D9187E590EC3F0CA2E0"
"tests\functional\strategies\trend_following\test_0320_1290_rmacd.py","E999A34B13FAEFE540ADBEECC2117AB1EEC7826483BBA07451E525A02FC94690"
"tests\functional\strategies\trend_following\test_0321_1291_ma_parabolic.py","FAA30F8D2056BCF283DC0D36C6CA4F1559A4CBF79E71B4EA6B7D15E69E3A2935"
"tests\functional\strategies\trend_following\test_0322_1294_2pb_ideal_xosma.py","C43277705F88829F67A85B266C0DB59EDDEE81A3E0DAC63FD62622B3D0E206AA"
"tests\functional\strategies\trend_following\test_0323_1297_bulls_bears.py","58DA5E5B45229663DCBF7E45CE8BA2C7E84E04496A3643E5574061A3CA1BCFC7"
"tests\functional\strategies\trend_following\test_0324_1298_xmacd.py","FD9C603839379375C1FE02D63224D01DCDD4A4E784E2898C065DAFCBD1DDD06C"
"tests\functional\strategies\trend_following\test_0325_1330_three_ema.py","43FE1F8F84FE8434400F51A3F5479192B0007C74CCDB600B899B71E33A05B4FA"
"tests\functional\strategies\trend_following\test_06_macd_ema_fase_strategy.py","EFC97E1D78EC77BCE6D52E7502224C31E520BFD73AD029F5C6F060B3D42B1152"
"tests\functional\strategies\trend_following\test_07_macd_ema_true_strategy.py","C8F902F0A1805A4F0443CE4C22C2C7FD8818ACE45C0A7FF161A201C5BE66C95A"
"tests\functional\strategies\trend_following\test_116_triple_ema_strategy.py","220AB6BB2A7506C4B3286592CE72DFE5472128E20FCD1FEEBC0B3415A62DC887"
"tests\functional\strategies\trend_following\test_15_fenshi_ma_strategy.py","70239613E374A39D23DE1B8B07E18CC65DABBDCA5642C43BEDEE45E50692FBCA"
"tests\functional\strategies\trend_following\test_30_macd_kdj_strategy.py","2300712735C4AA3257DCE447A0014BA174B619ABB338592BE45D76043AF079AF"
"tests\functional\strategies\trend_following\test_34_turtle_strategy.py","E4AA4FD74E66E0047C50D0B8663DE91CDDB58ED269AA52102FB188F4ACB17E19"
"tests\functional\strategies\trend_following\test_35_sma_cross_signal_strategy.py","15AD104C5AED8ED0DC2D1E8B9F4FAF5E7E8062541CB8E6B3C64D9CCFFACB57CF"
"tests\functional\strategies\trend_following\test_72_triple_cross_strategy.py","1203BFDE54490851E057F13D0F2228A1F5390735D836212006D5EB9C981B98A8"
"tests\functional\strategies\trend_following\test_75_extended_cross_strategy.py","CF995041F32DECE23447CD859D96BF1A758C283FE30967253C92BAF38ACA5DFD"
"tests\functional\strategies\trend_following\test_86_sunrise_ema_crossover_strategy.py","1A155CEEF768BCFEAFA7D590D3701403FCD8A83059FC37816E3ED1CA71CEDCB8"
"tests\functional\strategies\trend_following\test_87_hma_crossover_strategy.py","208FD15DADEE4FD0DB456056799E2F61ACB4EAF03A7E2F606F1A98FB2BBA3628"
"tests\functional\strategies\trend_following\test_90_forex_ema_strategy.py","53BC02267E34826C236361835242E31DD3DE8F4BF524201A7AFAB9E51E1E74EE"
"tests\functional\strategies\trend_following\test_91_hma_multitrend_strategy.py","4B419F0633363217B10D99585F2B829FCC53063787A959C67C361EA1300528F8"
"tests\functional\strategies\trend_following\test_93_macd_dmi_simple_strategy.py","7B36E954C8527C127CBBE354DE3FCCA943222901C439029D7ED9F7561CAE7380"
"tests\functional\strategies\trend_following\test_96_ichimoku_cloud_strategy.py","2FB79C308BEB80E53C6EE1CD961741228184C97D966B1F0C1039EBE916775C34"
"tests\functional\strategies\trend_following\test_98_dema_crossover_strategy.py","2AB8A3801A9AF8AB5F0FE3353093FF8A4835588713D41A313BB6A1DC11B7EA4E"
"tests\functional\strategies\volatility_systems\test_0001_0021_gold_paired_switching.py","F7B84B999DB043702C59A1A342A6F65800ABCE795BE800D9EBDF1924CACA9FEB"
"tests\functional\strategies\volatility_systems\test_0002_0022_gold_self_similarity_regime.py","D0735734EFCC3B337199E4F3ECA76ABFF2934FB54B13EDEC867D51E2D23E1B6E"
"tests\functional\strategies\volatility_systems\test_0003_0025_gold_paired_switching.py","1BE5811EB702D5DB4F46EC5BF9E2637D1ADE485AF6B3BD890DE7A60CCA1372BC"
"tests\functional\strategies\volatility_systems\test_0004_0032_gold_regime_filter.py","BCFD71BA67511B35BF2988CE47E9CFBC1827AAA026B793A1C0B90BA146186F20"
"tests\functional\strategies\volatility_systems\test_0005_0053_gold_volatility_position.py","3D2B929A249E8417027EC14F5BB6903DE72E7F6B30876FBB2018AC50A4702841"
"tests\functional\strategies\volatility_systems\test_0006_0073_high_volatility_reap_policy.py","628A6894C3F89E4C7037E2FFB037018AEB080D82874B2012C4BE2F49B9BF2736"
"tests\functional\strategies\volatility_systems\test_0007_0125_hmm_regime_detection.py","D0336BC578FCCC4428AD201C013CEEF0F88E230B573FB7880EDA845064324715"
"tests\functional\strategies\volatility_systems\test_0008_0144_volatility_correlation_model.py","F57BCEB67CE7F8AE5D88C7795B01B924EEA7348D9580EC175972519E4A3BC0E9"
"tests\functional\strategies\volatility_systems\test_0009_0192_regime_switching_modeling.py","EFE9EBBF518DF61F9C316DBD4ECC63BEC4AF26210C2139F6AA6C16716FC993B0"
"tests\functional\strategies\volatility_systems\test_0010_0206_volatility_long_memory.py","D97B985E4625C8F7B7AAABD298B4B023D33ECD01524B34EF9755D6BB27358E55"
"tests\functional\strategies\volatility_systems\test_0011_0285_vix_spx_divergence.py","5919F193C03C68151BA4CCF2A0003CA0487478F505CB8B4D3C34F23FD358B6B8"
"tests\functional\strategies\volatility_systems\test_0012_0302_adaptive_vix_ma.py","2F131D5F02441DB96C3C27AF8264C571B64C749683367169C5A6BA4A5301DCFA"
"tests\functional\strategies\volatility_systems\test_0013_0320_vix_futures_basis.py","8AF0025E290276B225CEE47F22FE7A2EB895C07211762FBE901646C7A749C089"
"tests\functional\strategies\volatility_systems\test_0014_0327_volatility_hedge_fund.py","7F4B26EE10558FDF37DCF7A2264E24F273D4C4C939F98C27551FB5F8F482D5B2"
"tests\functional\strategies\volatility_systems\test_0015_0374_correlation_regime_strategy.py","DE2A52A8F5CF8B093EAC47D8C98D2A44B8300807F379DBEC627793E1F1CDAFC4"
"tests\functional\strategies\volatility_systems\test_0016_0411_hmm_random_forest_strategy.py","A9390D80116BD5A3F5328777DC0DE2BE12EE0972169C18BB2AD0BEFA617B5893"
"tests\functional\strategies\volatility_systems\test_0017_colorschaffdemarkertrendcycle.py","3CA7B2D4EEFDDAAF01856A56F894990F62FA840DAE40506FBFC8696E61CFCD4C"
"tests\functional\strategies\volatility_systems\test_0018_cycle_period.py","276D924ECEF7390CD6961CC65781E338E4C722A7C85AE32FADD576FB6E9BF991"
"tests\functional\strategies\volatility_systems\test_0019_fisher_cyber_cycle.py","0E57150BF7383AC40E99674A8C4CE99F0385B1367DCC851C9E511D79BD6086A2"
"tests\functional\strategies\volatility_systems\test_0020_adaptive_cyber_cycle.py","95E854F2BD450F11F338B8A81CEB74B9C0A0E8344A6B9578674576F06C6E8508"
"tests\functional\strategies\volatility_systems\test_0021_bollinger_band_breakout.py","12FCFCDE6184D07036841D1107EF4AB5954A977AE6889B64A1EBEAE325D6D177"
"tests\functional\strategies\volatility_systems\test_0022_bollinger_bands_setup.py","3740D9DB7EC3393A6959563519A4F583455E5D9E5A582826A81CBB2937F53ACE"
"tests\functional\strategies\volatility_systems\test_0023_0105_band_r_squared.py","23FBE7ED3851BFCEAAD5D7F68700092C2EB3E3FA6405BC9739E8F5EED1CFABF2"
"tests\functional\strategies\volatility_systems\test_0024_0196_high_frequency_volatility_trader.py","7E7FA6C9F4DF3B2F79FBE0AF54AAC322CCE05EBD0CD34A555A633E9BA6ED9567"
"tests\functional\strategies\volatility_systems\test_0025_0490_breakthrough_bb.py","272CD1049F50DD0E8B284B8FA2700A1EC088CFD805814A7D865039EAD1E58088"
"tests\functional\strategies\volatility_systems\test_0026_0706_bolltrade.py","115B4576C6A671D0CA4ADC2B647F33F96FD5AA3300B64B470D4C368AC31C3117"
"tests\functional\strategies\volatility_systems\test_0028_0899_bezier_stdev.py","A64D078E42B64906AD0A8FA1BD95B3BC758297701195505262D21ABD47216DD2"
"tests\functional\strategies\volatility_systems\test_0029_0916_karacatica.py","40F49FEB100DBC5C912C0806EB0D62223868675B321797D5779816FCE129CCE6"
"tests\functional\strategies\volatility_systems\test_0030_1100_the_20s_v020.py","535E7B53AFAFCE672CA8C835DFC01966C4FDAC6D6E04FE86A3A69956F18A009A"
"tests\functional\strategies\volatility_systems\test_0031_1115_rock_trader_neuro.py","DD793981D8B132BB32031EFA8E85E64CBCBDBC94D9F47C1486D7C4BE2244C458"
"tests\functional\strategies\volatility_systems\test_0032_1269_ef_distance.py","8F256BA0247C8B5D26DB52A532526BB4376FAF2F063D2C064E453742C0BB736C"
"tests\functional\strategies\volatility_systems\test_0033_1295_color_bb_candles.py","520216745DC000381BF5908BCBCEAB571BBE0CF9943D5984F0E707CF95AB3000"
"tests\functional\strategies\volatility\__init__.py","3F854AD64DD31580E8BC9C2E0AD9CA050177E590E891DAD61BB0C3335EBF9803"
"tests\functional\strategies\volatility\test_08_kelter_strategy.py","420631A64A4E9FA87CB2D566313BEBA62C8E87984D04B63231461712DB3733F7"
"tests\functional\strategies\volatility\test_108_keltner_channel_strategy.py","ABFA22EBE4104BF3BC3FEE8FFFF116DED1C9E8A187A683120DA66A9224B8F188"
"tests\functional\strategies\volatility\test_111_chandelier_exit_strategy.py","8A87EB5AFD247D54BC757D7C4E9290DCBF8A834E29ACC7EC26A40799AA67294D"
"tests\functional\strategies\volatility\test_114_supertrend_rsi_strategy.py","A7121C730AB36D5CBC834638C1354DFF295571329E2DF7F9170A06FD0C6071EE"
"tests\functional\strategies\volatility\test_36_macd_atr_strategy.py","3ABF005D92D6165AB3F59AD203DC89EEE48047785756717ABE44B250FC3385A4"
"tests\functional\strategies\volatility\test_70_keltner_channel_strategy.py","1106CF9223D18F0116E31F767E733E8A4FA6E56C2582A9F1CC3F0301A234AEFE"
"tests\functional\strategies\volatility\test_81_supertrend_strategy.py","CB2A467F9A124A86BA7ACC117D32740C27E0C2D0F927180F9F63B535BA0F3EAF"
"tests\functional\strategies\volatility\test_88_supertrend_indicator_strategy.py","1C55BEDD50ACDE277641C9BA3538D878E48725BE7A9DFD41FEA73000116F4CF3"
"tests\functional\strategies\volatility\test_89_adaptive_supertrend_strategy.py","905994B96AD1E0E467DEAF5321E0A48BDE42E52C7B05992F917D133662E910DA"
"tests\functional\strategies\volume_system\test_0001_volume_weighted_macandle.py","C9BD512856C5297C3038F653B989C2253B253E3F6E760ADD62E7FED01CC85ECE"
"tests\functional\strategies\volume_system\test_0002_volume_weighted_ma_digit_system.py","6E5B628344E9D119CE5A2B0245C957E4358628279BFA7384C8C60388572DA247"
"tests\functional\strategies\volume_system\test_0003_volume_weighted_ma_stdev.py","FCAE6C87D56DAA354F12B87528D91BCD6CAA41C5C5C463F45E9AECBF846A2D7C"
"tests\functional\strategies\volume_system\test_0004_volume_weighted_ma.py","29D0ED36713A2C87B23FD8F87794F8C8F76437133D0AB783E037211C3CD98857"
"tests\functional\strategies\volume_system\test_0005_ergodic_ticks_volume_osma.py","41F2697F664DD7054BC655067F1430A42CAABCD1F4D2D26F9077BBCFAE8B4895"
"tests\functional\strategies\volume_system\test_0006_ergodic_ticks_volume_indicator.py","D8B2C0A3B773AFDB555951E898D6B787182927CC6D020B4AE8DA93A2786B68F3"
"tests\functional\strategies\volume_system\test_0007_xpvt.py","EBF92B6808DA009FEF00EBB72563E2FAC69D4975250318FD92157AD44F864BCD"
